log_file,log_name,model_role,initial_rows,initial_columns,initial_nonzeros,initial_continuous,initial_integer_total,initial_binary,presolve_removed_rows,presolve_removed_columns,presolved_rows,presolved_columns,presolved_nonzeros,root_presolved_rows,root_presolved_columns,root_presolved_nonzeros,nodes_explored,simplex_iterations,solver_seconds,work_units,threads_used,final_objective,final_bound,final_gap,log_size_bytes
C:\Users\omkarp\Downloads\Large-scale-LBBD-Optimization\runs\2026-09-25_130129_full_with_redirection_LBBD_withPV_withBESS\logs\lbbd_exact_annual_001.log,lbbd_exact_annual_001.log,exact_annual_oracle,11483106,12768841,63105970,11455753.0,1313088.0,840288.0,1031742,1176502,2275789,2914881,11703721,910223.0,1469156.0,5004543.0,1287,2137518,22044.07,33499.39,2,501590834.2573,501590953.1494,0.0,16646
C:\Users\omkarp\Downloads\Large-scale-LBBD-Optimization\runs\2026-09-25_130129_full_with_redirection_LBBD_withPV_withBESS\logs\lbbd_exact_annual_002.log,lbbd_exact_annual_002.log,exact_annual_oracle,11483106,12768841,63105970,11455753.0,1313088.0,840288.0,1025534,1159354,2281764,2946401,11891779,927499.0,1506546.0,5152890.0,1,1191010,663.53,591.28,2,503687248.5608,503687532.2378,1e-06,7897
C:\Users\omkarp\Downloads\Large-scale-LBBD-Optimization\runs\2026-09-25_130129_full_with_redirection_LBBD_withPV_withBESS\logs\lbbd_exact_annual_003.log,lbbd_exact_annual_003.log,exact_annual_oracle,11483106,12768841,63105970,11455753.0,1313088.0,840288.0,1029417,1174660,2272232,2910928,11664342,909916.0,1467645.0,5001012.0,63,1161739,1264.21,1210.12,2,-401921419.6956,-401919278.6993,5e-06,9695
C:\Users\omkarp\Downloads\Large-scale-LBBD-Optimization\runs\2026-09-25_130129_full_with_redirection_LBBD_withPV_withBESS\logs\lbbd_exact_annual_301.log,lbbd_exact_annual_301.log,exact_annual_oracle,11483106,12768841,63105970,11455753.0,1313088.0,840288.0,1031946,1177267,2274736,2913537,11700336,909901.0,1467593.0,5001026.0,46,1133951,1123.72,1070.34,2,501607871.3127,501608001.8745,0.0,9494
C:\Users\omkarp\Downloads\Large-scale-LBBD-Optimization\runs\2026-09-25_130129_full_with_redirection_LBBD_withPV_withBESS\logs\lbbd_linked_annual_lp_001_candidate.log,lbbd_linked_annual_lp_001_candidate.log,linked_annual_lp,11486296,12772030,67908680,,,,8737023,9089779,2749273,3682251,12276897,,,,0,1368546,741.1,767.83,2,,,,11100
C:\Users\omkarp\Downloads\Large-scale-LBBD-Optimization\runs\2026-09-25_130129_full_with_redirection_LBBD_withPV_withBESS\logs\lbbd_linked_annual_lp_002_candidate.log,lbbd_linked_annual_lp_002_candidate.log,linked_annual_lp,11486296,12772030,67908680,,,,8739430,9044086,2746866,3727944,12604117,,,,0,1384339,747.07,778.12,2,,,,11154
C:\Users\omkarp\Downloads\Large-scale-LBBD-Optimization\runs\2026-09-25_130129_full_with_redirection_LBBD_withPV_withBESS\logs\lbbd_linked_annual_lp_002_core.log,lbbd_linked_annual_lp_002_core.log,linked_annual_lp,11486296,12772030,67908680,,,,8682629,8921785,2803667,3850245,13154066,,,,0,1417470,788.03,813.67,2,,,,11745
C:\Users\omkarp\Downloads\Large-scale-LBBD-Optimization\runs\2026-09-25_130129_full_with_redirection_LBBD_withPV_withBESS\logs\lbbd_linked_annual_lp_003_candidate.log,lbbd_linked_annual_lp_003_candidate.log,linked_annual_lp,11486296,12772030,67908680,,,,8745633,9106994,2740663,3665036,12208494,,,,0,1363855,725.68,762.83,2,,,,10905
C:\Users\omkarp\Downloads\Large-scale-LBBD-Optimization\runs\2026-09-25_130129_full_with_redirection_LBBD_withPV_withBESS\logs\lbbd_linked_annual_lp_003_core.log,lbbd_linked_annual_lp_003_core.log,linked_annual_lp,11486296,12772030,67908680,,,,8681249,8919565,2805047,3852465,13157889,,,,0,1423868,797.14,817.52,2,,,,11875
C:\Users\omkarp\Downloads\Large-scale-LBBD-Optimization\runs\2026-09-25_130129_full_with_redirection_LBBD_withPV_withBESS\logs\lbbd_master_002.log,lbbd_master_002.log,master,5177835,5098153,18424929,5077081.0,21072.0,17882.0,2508648,2851068,2669187,2247085,9891455,2668683.0,2246703.0,9889439.0,26686,10332466,172804.02,213421.32,10,503687685.6765,503813419.3575,0.00025,218305
C:\Users\omkarp\Downloads\Large-scale-LBBD-Optimization\runs\2026-09-25_130129_full_with_redirection_LBBD_withPV_withBESS\logs\lbbd_master_003.log,lbbd_master_003.log,master,5177836,5098153,18442812,5077081.0,21072.0,17882.0,2508648,2851066,2669188,2247087,9969195,2668684.0,2246705.0,9967179.0,1631,7786132,172801.14,195516.59,10,,,,138197
C:\Users\omkarp\Downloads\Large-scale-LBBD-Optimization\runs\2026-09-25_130129_full_with_redirection_LBBD_withPV_withBESS\logs\lbbd_master_004.log,lbbd_master_004.log,master,5177837,5098153,18460695,5077081.0,21072.0,17882.0,2508648,2851066,2669189,2247087,9959215,2668685.0,2246705.0,9957199.0,117,3185202,16293.37,26083.06,10,,,,138829
C:\Users\omkarp\Downloads\Large-scale-LBBD-Optimization\runs\2026-09-25_130129_full_with_redirection_LBBD_withPV_withBESS\logs\lbbd_master_bootstrap_lp.log,lbbd_master_bootstrap_lp.log,master,5177678,5098153,18406278,,,,2497464,2857476,2680214,2240677,9438247,,,,0,1801016,3947.23,9166.98,10,,,,51581
C:\Users\omkarp\Downloads\Large-scale-LBBD-Optimization\runs\2026-09-25_130129_full_with_redirection_LBBD_withPV_withBESS\logs\lbbd_master_lp_fallback_003.log,lbbd_master_lp_fallback_003.log,master,5177836,5098153,18442812,,,,2494839,2839658,2682997,2258495,9495187,,,,0,3766451,18714.85,33226.76,10,,,,213266
C:\Users\omkarp\Downloads\Large-scale-LBBD-Optimization\runs\2026-09-25_130129_full_with_redirection_LBBD_withPV_withBESS\logs\lbbd_master_start_bootstrap_001.log,lbbd_master_start_bootstrap_001.log,master,5177834,5077082,15604320,,,,4417814,3620421,760020,1456661,3824789,,,,0,661484,707.56,1106.67,10,,,,10705
C:\Users\omkarp\Downloads\Large-scale-LBBD-Optimization\runs\2026-09-25_130129_full_with_redirection_LBBD_withPV_withBESS\logs\lbbd_master_start_fallback_003.log,lbbd_master_start_fallback_003.log,master,5177836,5077082,15604322,,,,4420761,3627015,757075,1450067,3806690,,,,0,658889,776.95,1165.71,10,,,,11649
