HexID,Month,DemandClass,RepresentativeDayDemand_kWh,RepresentativeDaySlack_kWh,AnnualSlack_kWh,SlackShare
1,January,public,362.5,0.0,0.0,0.0
1,February,public,362.5,0.0,0.0,0.0
1,March,public,362.5,0.0,0.0,0.0
1,April,public,362.5,0.0,0.0,0.0
1,May,public,362.5,0.0,0.0,0.0
1,June,public,362.5,0.0,0.0,0.0
1,July,public,362.5,0.0,0.0,0.0
1,August,public,362.5,0.0,0.0,0.0
1,September,public,362.5,0.0,0.0,0.0
1,October,public,362.5,0.0,0.0,0.0
1,November,public,362.5,0.0,0.0,0.0
1,December,public,362.5,0.0,0.0,0.0
2,January,public,22.5,0.0,0.0,0.0
2,February,public,22.5,0.0,0.0,0.0
2,March,public,22.5,0.0,0.0,0.0
2,April,public,22.5,0.0,0.0,0.0
2,May,public,22.5,0.0,0.0,0.0
2,June,public,22.5,0.0,0.0,0.0
2,July,public,22.5,0.0,0.0,0.0
2,August,public,22.5,0.0,0.0,0.0
2,September,public,22.5,0.0,0.0,0.0
2,October,public,22.5,0.0,0.0,0.0
2,November,public,22.5,0.0,0.0,0.0
2,December,public,22.5,0.0,0.0,0.0
4,January,public,780.0000000000001,0.0,0.0,0.0
4,February,public,780.0000000000001,0.0,0.0,0.0
4,March,public,780.0000000000001,0.0,0.0,0.0
4,April,public,780.0000000000001,0.0,0.0,0.0
4,May,public,780.0000000000001,0.0,0.0,0.0
4,June,public,780.0000000000001,0.0,0.0,0.0
4,July,public,780.0000000000001,0.0,0.0,0.0
4,August,public,780.0000000000001,0.0,0.0,0.0
4,September,public,780.0000000000001,0.0,0.0,0.0
4,October,public,780.0000000000001,0.0,0.0,0.0
4,November,public,780.0000000000001,0.0,0.0,0.0
4,December,public,780.0000000000001,0.0,0.0,0.0
5,January,public,559.9999999999999,0.0,0.0,0.0
5,February,public,559.9999999999999,0.0,0.0,0.0
5,March,public,559.9999999999999,0.0,0.0,0.0
5,April,public,559.9999999999999,0.0,0.0,0.0
5,May,public,559.9999999999999,0.0,0.0,0.0
5,June,public,559.9999999999999,0.0,0.0,0.0
5,July,public,559.9999999999999,0.0,0.0,0.0
5,August,public,559.9999999999999,0.0,0.0,0.0
5,September,public,559.9999999999999,0.0,0.0,0.0
5,October,public,559.9999999999999,0.0,0.0,0.0
5,November,public,559.9999999999999,0.0,0.0,0.0
5,December,public,559.9999999999999,0.0,0.0,0.0
6,January,public,1370.0000000000002,0.0,0.0,0.0
6,February,public,1370.0000000000002,0.0,0.0,0.0
6,March,public,1370.0000000000002,0.0,0.0,0.0
6,April,public,1370.0000000000002,0.0,0.0,0.0
6,May,public,1370.0000000000002,0.0,0.0,0.0
6,June,public,1370.0000000000002,0.0,0.0,0.0
6,July,public,1370.0000000000002,0.0,0.0,0.0
6,August,public,1370.0000000000002,0.0,0.0,0.0
6,September,public,1370.0000000000002,0.0,0.0,0.0
6,October,public,1370.0000000000002,0.0,0.0,0.0
6,November,public,1370.0000000000002,0.0,0.0,0.0
6,December,public,1370.0000000000002,0.0,0.0,0.0
7,January,public,142.49999999999997,0.0,0.0,0.0
7,February,public,142.49999999999997,0.0,0.0,0.0
7,March,public,142.49999999999997,0.0,0.0,0.0
7,April,public,142.49999999999997,0.0,0.0,0.0
7,May,public,142.49999999999997,0.0,0.0,0.0
7,June,public,142.49999999999997,0.0,0.0,0.0
7,July,public,142.49999999999997,0.0,0.0,0.0
7,August,public,142.49999999999997,0.0,0.0,0.0
7,September,public,142.49999999999997,0.0,0.0,0.0
7,October,public,142.49999999999997,0.0,0.0,0.0
7,November,public,142.49999999999997,0.0,0.0,0.0
7,December,public,142.49999999999997,0.0,0.0,0.0
8,January,public,355.00000000000006,0.0,0.0,0.0
8,February,public,355.00000000000006,0.0,0.0,0.0
8,March,public,355.00000000000006,0.0,0.0,0.0
8,April,public,355.00000000000006,0.0,0.0,0.0
8,May,public,355.00000000000006,0.0,0.0,0.0
8,June,public,355.00000000000006,0.0,0.0,0.0
8,July,public,355.00000000000006,0.0,0.0,0.0
8,August,public,355.00000000000006,0.0,0.0,0.0
8,September,public,355.00000000000006,0.0,0.0,0.0
8,October,public,355.00000000000006,0.0,0.0,0.0
8,November,public,355.00000000000006,0.0,0.0,0.0
8,December,public,355.00000000000006,0.0,0.0,0.0
9,January,public,932.4999999999999,0.0,0.0,0.0
9,February,public,932.4999999999999,0.0,0.0,0.0
9,March,public,932.4999999999999,0.0,0.0,0.0
9,April,public,932.4999999999999,0.0,0.0,0.0
9,May,public,932.4999999999999,0.0,0.0,0.0
9,June,public,932.4999999999999,0.0,0.0,0.0
9,July,public,932.4999999999999,0.0,0.0,0.0
9,August,public,932.4999999999999,0.0,0.0,0.0
9,September,public,932.4999999999999,0.0,0.0,0.0
9,October,public,932.4999999999999,0.0,0.0,0.0
9,November,public,932.4999999999999,0.0,0.0,0.0
9,December,public,932.4999999999999,0.0,0.0,0.0
10,January,public,1490.0000000000002,0.0,0.0,0.0
10,February,public,1490.0000000000002,0.0,0.0,0.0
10,March,public,1490.0000000000002,0.0,0.0,0.0
10,April,public,1490.0000000000002,0.0,0.0,0.0
10,May,public,1490.0000000000002,0.0,0.0,0.0
10,June,public,1490.0000000000002,0.0,0.0,0.0
10,July,public,1490.0000000000002,0.0,0.0,0.0
10,August,public,1490.0000000000002,0.0,0.0,0.0
10,September,public,1490.0000000000002,0.0,0.0,0.0
10,October,public,1490.0000000000002,0.0,0.0,0.0
10,November,public,1490.0000000000002,0.0,0.0,0.0
10,December,public,1490.0000000000002,0.0,0.0,0.0
11,January,public,2007.5,0.0,0.0,0.0
11,February,public,2007.5,0.0,0.0,0.0
11,March,public,2007.5,0.0,0.0,0.0
11,April,public,2007.5,0.0,0.0,0.0
11,May,public,2007.5,0.0,0.0,0.0
11,June,public,2007.5,0.0,0.0,0.0
11,July,public,2007.5,0.0,0.0,0.0
11,August,public,2007.5,0.0,0.0,0.0
11,September,public,2007.5,0.0,0.0,0.0
11,October,public,2007.5,0.0,0.0,0.0
11,November,public,2007.5,0.0,0.0,0.0
11,December,public,2007.5,0.0,0.0,0.0
12,January,public,125.0,0.0,0.0,0.0
12,February,public,125.0,0.0,0.0,0.0
12,March,public,125.0,0.0,0.0,0.0
12,April,public,125.0,0.0,0.0,0.0
12,May,public,125.0,0.0,0.0,0.0
12,June,public,125.0,0.0,0.0,0.0
12,July,public,125.0,0.0,0.0,0.0
12,August,public,125.0,0.0,0.0,0.0
12,September,public,125.0,0.0,0.0,0.0
12,October,public,125.0,0.0,0.0,0.0
12,November,public,125.0,0.0,0.0,0.0
12,December,public,125.0,0.0,0.0,0.0
13,January,home,169.5665883618292,0.0,0.0,0.0
13,January,public,282.5,0.0,0.0,0.0
13,February,home,169.5665883618292,0.0,0.0,0.0
13,February,public,282.5,0.0,0.0,0.0
13,March,home,169.5665883618292,0.0,0.0,0.0
13,March,public,282.5,0.0,0.0,0.0
13,April,home,169.5665883618292,0.0,0.0,0.0
13,April,public,282.5,0.0,0.0,0.0
13,May,home,169.5665883618292,0.0,0.0,0.0
13,May,public,282.5,0.0,0.0,0.0
13,June,home,169.5665883618292,0.0,0.0,0.0
13,June,public,282.5,0.0,0.0,0.0
13,July,home,169.5665883618292,0.0,0.0,0.0
13,July,public,282.5,0.0,0.0,0.0
13,August,home,169.5665883618292,0.0,0.0,0.0
13,August,public,282.5,0.0,0.0,0.0
13,September,home,169.5665883618292,0.0,0.0,0.0
13,September,public,282.5,0.0,0.0,0.0
13,October,home,169.5665883618292,0.0,0.0,0.0
13,October,public,282.5,0.0,0.0,0.0
13,November,home,169.5665883618292,0.0,0.0,0.0
13,November,public,282.5,0.0,0.0,0.0
13,December,home,169.5665883618292,0.0,0.0,0.0
13,December,public,282.5,0.0,0.0,0.0
14,January,home,2076.57034575251,0.0,0.0,0.0
14,January,public,1402.5000000000002,0.0,0.0,0.0
14,February,home,2076.57034575251,0.0,0.0,0.0
14,February,public,1402.5000000000002,0.0,0.0,0.0
14,March,home,2076.57034575251,0.0,0.0,0.0
14,March,public,1402.5000000000002,0.0,0.0,0.0
14,April,home,2076.57034575251,0.0,0.0,0.0
14,April,public,1402.5000000000002,0.0,0.0,0.0
14,May,home,2076.57034575251,0.0,0.0,0.0
14,May,public,1402.5000000000002,0.0,0.0,0.0
14,June,home,2076.57034575251,0.0,0.0,0.0
14,June,public,1402.5000000000002,0.0,0.0,0.0
14,July,home,2076.57034575251,0.0,0.0,0.0
14,July,public,1402.5000000000002,0.0,0.0,0.0
14,August,home,2076.57034575251,0.0,0.0,0.0
14,August,public,1402.5000000000002,0.0,0.0,0.0
14,September,home,2076.57034575251,0.0,0.0,0.0
14,September,public,1402.5000000000002,0.0,0.0,0.0
14,October,home,2076.57034575251,0.0,0.0,0.0
14,October,public,1402.5000000000002,0.0,0.0,0.0
14,November,home,2076.57034575251,0.0,0.0,0.0
14,November,public,1402.5000000000002,0.0,0.0,0.0
14,December,home,2076.57034575251,0.0,0.0,0.0
14,December,public,1402.5000000000002,0.0,0.0,0.0
15,January,home,153.11491530964526,0.0,0.0,0.0
15,January,public,4262.500000000002,0.0,0.0,0.0
15,February,home,153.11491530964526,0.0,0.0,0.0
15,February,public,4262.500000000002,0.0,0.0,0.0
15,March,home,153.11491530964526,0.0,0.0,0.0
15,March,public,4262.500000000002,0.0,0.0,0.0
15,April,home,153.11491530964526,0.0,0.0,0.0
15,April,public,4262.500000000002,0.0,0.0,0.0
15,May,home,153.11491530964526,0.0,0.0,0.0
15,May,public,4262.500000000002,0.0,0.0,0.0
15,June,home,153.11491530964526,0.0,0.0,0.0
15,June,public,4262.500000000002,0.0,0.0,0.0
15,July,home,153.11491530964526,0.0,0.0,0.0
15,July,public,4262.500000000002,0.0,0.0,0.0
15,August,home,153.11491530964526,0.0,0.0,0.0
15,August,public,4262.500000000002,0.0,0.0,0.0
15,September,home,153.11491530964526,0.0,0.0,0.0
15,September,public,4262.500000000002,0.0,0.0,0.0
15,October,home,153.11491530964526,0.0,0.0,0.0
15,October,public,4262.500000000002,0.0,0.0,0.0
15,November,home,153.11491530964526,0.0,0.0,0.0
15,November,public,4262.500000000002,0.0,0.0,0.0
15,December,home,153.11491530964526,0.0,0.0,0.0
15,December,public,4262.500000000002,0.0,0.0,0.0
16,January,home,1861.2259199774007,0.0,0.0,0.0
16,January,public,2307.5,0.0,0.0,0.0
16,February,home,1861.2259199774007,0.0,0.0,0.0
16,February,public,2307.5,0.0,0.0,0.0
16,March,home,1861.2259199774007,0.0,0.0,0.0
16,March,public,2307.5,0.0,0.0,0.0
16,April,home,1861.2259199774007,0.0,0.0,0.0
16,April,public,2307.5,0.0,0.0,0.0
16,May,home,1861.2259199774007,0.0,0.0,0.0
16,May,public,2307.5,0.0,0.0,0.0
16,June,home,1861.2259199774007,0.0,0.0,0.0
16,June,public,2307.5,0.0,0.0,0.0
16,July,home,1861.2259199774007,0.0,0.0,0.0
16,July,public,2307.5,0.0,0.0,0.0
16,August,home,1861.2259199774007,0.0,0.0,0.0
16,August,public,2307.5,0.0,0.0,0.0
16,September,home,1861.2259199774007,0.0,0.0,0.0
16,September,public,2307.5,0.0,0.0,0.0
16,October,home,1861.2259199774007,0.0,0.0,0.0
16,October,public,2307.5,0.0,0.0,0.0
16,November,home,1861.2259199774007,0.0,0.0,0.0
16,November,public,2307.5,0.0,0.0,0.0
16,December,home,1861.2259199774007,0.0,0.0,0.0
16,December,public,2307.5,0.0,0.0,0.0
17,January,home,1160.539850631778,0.0,0.0,0.0
17,January,public,2859.9999999999986,0.0,0.0,0.0
17,February,home,1160.539850631778,0.0,0.0,0.0
17,February,public,2859.9999999999986,0.0,0.0,0.0
17,March,home,1160.539850631778,0.0,0.0,0.0
17,March,public,2859.9999999999986,0.0,0.0,0.0
17,April,home,1160.539850631778,0.0,0.0,0.0
17,April,public,2859.9999999999986,0.0,0.0,0.0
17,May,home,1160.539850631778,0.0,0.0,0.0
17,May,public,2859.9999999999986,0.0,0.0,0.0
17,June,home,1160.539850631778,0.0,0.0,0.0
17,June,public,2859.9999999999986,0.0,0.0,0.0
17,July,home,1160.539850631778,0.0,0.0,0.0
17,July,public,2859.9999999999986,0.0,0.0,0.0
17,August,home,1160.539850631778,0.0,0.0,0.0
17,August,public,2859.9999999999986,0.0,0.0,0.0
17,September,home,1160.539850631778,0.0,0.0,0.0
17,September,public,2859.9999999999986,0.0,0.0,0.0
17,October,home,1160.539850631778,0.0,0.0,0.0
17,October,public,2859.9999999999986,0.0,0.0,0.0
17,November,home,1160.539850631778,0.0,0.0,0.0
17,November,public,2859.9999999999986,0.0,0.0,0.0
17,December,home,1160.539850631778,0.0,0.0,0.0
17,December,public,2859.9999999999986,0.0,0.0,0.0
18,January,home,297.7055429143298,0.0,0.0,0.0
18,January,public,2322.5000000000005,0.0,0.0,0.0
18,February,home,297.7055429143298,0.0,0.0,0.0
18,February,public,2322.5000000000005,0.0,0.0,0.0
18,March,home,297.7055429143298,0.0,0.0,0.0
18,March,public,2322.5000000000005,0.0,0.0,0.0
18,April,home,297.7055429143298,0.0,0.0,0.0
18,April,public,2322.5000000000005,0.0,0.0,0.0
18,May,home,297.7055429143298,0.0,0.0,0.0
18,May,public,2322.5000000000005,0.0,0.0,0.0
18,June,home,297.7055429143298,0.0,0.0,0.0
18,June,public,2322.5000000000005,0.0,0.0,0.0
18,July,home,297.7055429143298,0.0,0.0,0.0
18,July,public,2322.5000000000005,0.0,0.0,0.0
18,August,home,297.7055429143298,0.0,0.0,0.0
18,August,public,2322.5000000000005,0.0,0.0,0.0
18,September,home,297.7055429143298,0.0,0.0,0.0
18,September,public,2322.5000000000005,0.0,0.0,0.0
18,October,home,297.7055429143298,0.0,0.0,0.0
18,October,public,2322.5000000000005,0.0,0.0,0.0
18,November,home,297.7055429143298,0.0,0.0,0.0
18,November,public,2322.5000000000005,0.0,0.0,0.0
18,December,home,297.7055429143298,0.0,0.0,0.0
18,December,public,2322.5000000000005,0.0,0.0,0.0
19,January,public,132.50000000000003,0.0,0.0,0.0
19,February,public,132.50000000000003,0.0,0.0,0.0
19,March,public,132.50000000000003,0.0,0.0,0.0
19,April,public,132.50000000000003,0.0,0.0,0.0
19,May,public,132.50000000000003,0.0,0.0,0.0
19,June,public,132.50000000000003,0.0,0.0,0.0
19,July,public,132.50000000000003,0.0,0.0,0.0
19,August,public,132.50000000000003,0.0,0.0,0.0
19,September,public,132.50000000000003,0.0,0.0,0.0
19,October,public,132.50000000000003,0.0,0.0,0.0
19,November,public,132.50000000000003,0.0,0.0,0.0
19,December,public,132.50000000000003,0.0,0.0,0.0
21,January,home,339.7792580411739,0.0,0.0,0.0
21,January,public,1602.5000000000002,0.0,0.0,0.0
21,February,home,339.7792580411739,0.0,0.0,0.0
21,February,public,1602.5000000000002,0.0,0.0,0.0
21,March,home,339.7792580411739,0.0,0.0,0.0
21,March,public,1602.5000000000002,0.0,0.0,0.0
21,April,home,339.7792580411739,0.0,0.0,0.0
21,April,public,1602.5000000000002,0.0,0.0,0.0
21,May,home,339.7792580411739,0.0,0.0,0.0
21,May,public,1602.5000000000002,0.0,0.0,0.0
21,June,home,339.7792580411739,0.0,0.0,0.0
21,June,public,1602.5000000000002,0.0,0.0,0.0
21,July,home,339.7792580411739,0.0,0.0,0.0
21,July,public,1602.5000000000002,0.0,0.0,0.0
21,August,home,339.7792580411739,0.0,0.0,0.0
21,August,public,1602.5000000000002,0.0,0.0,0.0
21,September,home,339.7792580411739,0.0,0.0,0.0
21,September,public,1602.5000000000002,0.0,0.0,0.0
21,October,home,339.7792580411739,0.0,0.0,0.0
21,October,public,1602.5000000000002,0.0,0.0,0.0
21,November,home,339.7792580411739,0.0,0.0,0.0
21,November,public,1602.5000000000002,0.0,0.0,0.0
21,December,home,339.7792580411739,0.0,0.0,0.0
21,December,public,1602.5000000000002,0.0,0.0,0.0
22,January,home,286.4686252557123,0.0,0.0,0.0
22,January,public,1552.4999999999998,0.0,0.0,0.0
22,February,home,286.4686252557123,0.0,0.0,0.0
22,February,public,1552.4999999999998,0.0,0.0,0.0
22,March,home,286.4686252557123,0.0,0.0,0.0
22,March,public,1552.4999999999998,0.0,0.0,0.0
22,April,home,286.4686252557123,0.0,0.0,0.0
22,April,public,1552.4999999999998,0.0,0.0,0.0
22,May,home,286.4686252557123,0.0,0.0,0.0
22,May,public,1552.4999999999998,0.0,0.0,0.0
22,June,home,286.4686252557123,0.0,0.0,0.0
22,June,public,1552.4999999999998,0.0,0.0,0.0
22,July,home,286.4686252557123,0.0,0.0,0.0
22,July,public,1552.4999999999998,0.0,0.0,0.0
22,August,home,286.4686252557123,0.0,0.0,0.0
22,August,public,1552.4999999999998,0.0,0.0,0.0
22,September,home,286.4686252557123,0.0,0.0,0.0
22,September,public,1552.4999999999998,0.0,0.0,0.0
22,October,home,286.4686252557123,0.0,0.0,0.0
22,October,public,1552.4999999999998,0.0,0.0,0.0
22,November,home,286.4686252557123,0.0,0.0,0.0
22,November,public,1552.4999999999998,0.0,0.0,0.0
22,December,home,286.4686252557123,0.0,0.0,0.0
22,December,public,1552.4999999999998,0.0,0.0,0.0
23,January,home,706.3432056120997,0.0,0.0,0.0
23,January,public,2982.4999999999995,0.0,0.0,0.0
23,February,home,706.3432056120997,0.0,0.0,0.0
23,February,public,2982.4999999999995,0.0,0.0,0.0
23,March,home,706.3432056120997,0.0,0.0,0.0
23,March,public,2982.4999999999995,0.0,0.0,0.0
23,April,home,706.3432056120997,0.0,0.0,0.0
23,April,public,2982.4999999999995,0.0,0.0,0.0
23,May,home,706.3432056120997,0.0,0.0,0.0
23,May,public,2982.4999999999995,0.0,0.0,0.0
23,June,home,706.3432056120997,0.0,0.0,0.0
23,June,public,2982.4999999999995,0.0,0.0,0.0
23,July,home,706.3432056120997,0.0,0.0,0.0
23,July,public,2982.4999999999995,0.0,0.0,0.0
23,August,home,706.3432056120997,0.0,0.0,0.0
23,August,public,2982.4999999999995,0.0,0.0,0.0
23,September,home,706.3432056120997,0.0,0.0,0.0
23,September,public,2982.4999999999995,0.0,0.0,0.0
23,October,home,706.3432056120997,0.0,0.0,0.0
23,October,public,2982.4999999999995,0.0,0.0,0.0
23,November,home,706.3432056120997,0.0,0.0,0.0
23,November,public,2982.4999999999995,0.0,0.0,0.0
23,December,home,706.3432056120997,0.0,0.0,0.0
23,December,public,2982.4999999999995,0.0,0.0,0.0
24,January,home,682.056975086024,0.0,0.0,0.0
24,January,public,4804.999999999998,0.0,0.0,0.0
24,February,home,682.056975086024,0.0,0.0,0.0
24,February,public,4804.999999999998,0.0,0.0,0.0
24,March,home,682.056975086024,0.0,0.0,0.0
24,March,public,4804.999999999998,0.0,0.0,0.0
24,April,home,682.056975086024,0.0,0.0,0.0
24,April,public,4804.999999999998,0.0,0.0,0.0
24,May,home,682.056975086024,0.0,0.0,0.0
24,May,public,4804.999999999998,0.0,0.0,0.0
24,June,home,682.056975086024,0.0,0.0,0.0
24,June,public,4804.999999999998,0.0,0.0,0.0
24,July,home,682.056975086024,0.0,0.0,0.0
24,July,public,4804.999999999998,0.0,0.0,0.0
24,August,home,682.056975086024,0.0,0.0,0.0
24,August,public,4804.999999999998,0.0,0.0,0.0
24,September,home,682.056975086024,0.0,0.0,0.0
24,September,public,4804.999999999998,0.0,0.0,0.0
24,October,home,682.056975086024,0.0,0.0,0.0
24,October,public,4804.999999999998,0.0,0.0,0.0
24,November,home,682.056975086024,0.0,0.0,0.0
24,November,public,4804.999999999998,0.0,0.0,0.0
24,December,home,682.056975086024,0.0,0.0,0.0
24,December,public,4804.999999999998,0.0,0.0,0.0
25,January,home,153.78927150781234,0.0,0.0,0.0
25,January,public,3959.9999999999995,0.0,0.0,0.0
25,February,home,153.78927150781234,0.0,0.0,0.0
25,February,public,3959.9999999999995,0.0,0.0,0.0
25,March,home,153.78927150781234,0.0,0.0,0.0
25,March,public,3959.9999999999995,0.0,0.0,0.0
25,April,home,153.78927150781234,0.0,0.0,0.0
25,April,public,3959.9999999999995,0.0,0.0,0.0
25,May,home,153.78927150781234,0.0,0.0,0.0
25,May,public,3959.9999999999995,0.0,0.0,0.0
25,June,home,153.78927150781234,0.0,0.0,0.0
25,June,public,3959.9999999999995,0.0,0.0,0.0
25,July,home,153.78927150781234,0.0,0.0,0.0
25,July,public,3959.9999999999995,0.0,0.0,0.0
25,August,home,153.78927150781234,0.0,0.0,0.0
25,August,public,3959.9999999999995,0.0,0.0,0.0
25,September,home,153.78927150781234,0.0,0.0,0.0
25,September,public,3959.9999999999995,0.0,0.0,0.0
25,October,home,153.78927150781234,0.0,0.0,0.0
25,October,public,3959.9999999999995,0.0,0.0,0.0
25,November,home,153.78927150781234,0.0,0.0,0.0
25,November,public,3959.9999999999995,0.0,0.0,0.0
25,December,home,153.78927150781234,0.0,0.0,0.0
25,December,public,3959.9999999999995,0.0,0.0,0.0
26,January,public,2597.5000000000005,0.0,0.0,0.0
26,February,public,2597.5000000000005,0.0,0.0,0.0
26,March,public,2597.5000000000005,0.0,0.0,0.0
26,April,public,2597.5000000000005,0.0,0.0,0.0
26,May,public,2597.5000000000005,0.0,0.0,0.0
26,June,public,2597.5000000000005,0.0,0.0,0.0
26,July,public,2597.5000000000005,0.0,0.0,0.0
26,August,public,2597.5000000000005,0.0,0.0,0.0
26,September,public,2597.5000000000005,0.0,0.0,0.0
26,October,public,2597.5000000000005,0.0,0.0,0.0
26,November,public,2597.5000000000005,0.0,0.0,0.0
26,December,public,2597.5000000000005,0.0,0.0,0.0
27,January,public,305.0,0.0,0.0,0.0
27,February,public,305.0,0.0,0.0,0.0
27,March,public,305.0,0.0,0.0,0.0
27,April,public,305.0,0.0,0.0,0.0
27,May,public,305.0,0.0,0.0,0.0
27,June,public,305.0,0.0,0.0,0.0
27,July,public,305.0,0.0,0.0,0.0
27,August,public,305.0,0.0,0.0,0.0
27,September,public,305.0,0.0,0.0,0.0
27,October,public,305.0,0.0,0.0,0.0
27,November,public,305.0,0.0,0.0,0.0
27,December,public,305.0,0.0,0.0,0.0
28,January,home,1.324375760854636,0.0,0.0,0.0
28,January,public,1002.5,0.0,0.0,0.0
28,February,home,1.324375760854636,0.0,0.0,0.0
28,February,public,1002.5,0.0,0.0,0.0
28,March,home,1.324375760854636,0.0,0.0,0.0
28,March,public,1002.5,0.0,0.0,0.0
28,April,home,1.324375760854636,0.0,0.0,0.0
28,April,public,1002.5,0.0,0.0,0.0
28,May,home,1.324375760854636,0.0,0.0,0.0
28,May,public,1002.5,0.0,0.0,0.0
28,June,home,1.324375760854636,0.0,0.0,0.0
28,June,public,1002.5,0.0,0.0,0.0
28,July,home,1.324375760854636,0.0,0.0,0.0
28,July,public,1002.5,0.0,0.0,0.0
28,August,home,1.324375760854636,0.0,0.0,0.0
28,August,public,1002.5,0.0,0.0,0.0
28,September,home,1.324375760854636,0.0,0.0,0.0
28,September,public,1002.5,0.0,0.0,0.0
28,October,home,1.324375760854636,0.0,0.0,0.0
28,October,public,1002.5,0.0,0.0,0.0
28,November,home,1.324375760854636,0.0,0.0,0.0
28,November,public,1002.5,0.0,0.0,0.0
28,December,home,1.324375760854636,0.0,0.0,0.0
28,December,public,1002.5,0.0,0.0,0.0
29,January,home,1106.343235812436,0.0,0.0,0.0
29,January,public,1217.5000000000002,0.0,0.0,0.0
29,February,home,1106.343235812436,0.0,0.0,0.0
29,February,public,1217.5000000000002,0.0,0.0,0.0
29,March,home,1106.343235812436,0.0,0.0,0.0
29,March,public,1217.5000000000002,0.0,0.0,0.0
29,April,home,1106.343235812436,0.0,0.0,0.0
29,April,public,1217.5000000000002,0.0,0.0,0.0
29,May,home,1106.343235812436,0.0,0.0,0.0
29,May,public,1217.5000000000002,0.0,0.0,0.0
29,June,home,1106.343235812436,0.0,0.0,0.0
29,June,public,1217.5000000000002,0.0,0.0,0.0
29,July,home,1106.343235812436,0.0,0.0,0.0
29,July,public,1217.5000000000002,0.0,0.0,0.0
29,August,home,1106.343235812436,0.0,0.0,0.0
29,August,public,1217.5000000000002,0.0,0.0,0.0
29,September,home,1106.343235812436,0.0,0.0,0.0
29,September,public,1217.5000000000002,0.0,0.0,0.0
29,October,home,1106.343235812436,0.0,0.0,0.0
29,October,public,1217.5000000000002,0.0,0.0,0.0
29,November,home,1106.343235812436,0.0,0.0,0.0
29,November,public,1217.5000000000002,0.0,0.0,0.0
29,December,home,1106.343235812436,0.0,0.0,0.0
29,December,public,1217.5000000000002,0.0,0.0,0.0
30,January,public,885.0,0.0,0.0,0.0
30,February,public,885.0,0.0,0.0,0.0
30,March,public,885.0,0.0,0.0,0.0
30,April,public,885.0,0.0,0.0,0.0
30,May,public,885.0,0.0,0.0,0.0
30,June,public,885.0,0.0,0.0,0.0
30,July,public,885.0,0.0,0.0,0.0
30,August,public,885.0,0.0,0.0,0.0
30,September,public,885.0,0.0,0.0,0.0
30,October,public,885.0,0.0,0.0,0.0
30,November,public,885.0,0.0,0.0,0.0
30,December,public,885.0,0.0,0.0,0.0
31,January,home,43.12782571130324,0.0,0.0,0.0
31,January,public,1972.5,0.0,0.0,0.0
31,February,home,43.12782571130324,0.0,0.0,0.0
31,February,public,1972.5,0.0,0.0,0.0
31,March,home,43.12782571130324,0.0,0.0,0.0
31,March,public,1972.5,0.0,0.0,0.0
31,April,home,43.12782571130324,0.0,0.0,0.0
31,April,public,1972.5,0.0,0.0,0.0
31,May,home,43.12782571130324,0.0,0.0,0.0
31,May,public,1972.5,0.0,0.0,0.0
31,June,home,43.12782571130324,0.0,0.0,0.0
31,June,public,1972.5,0.0,0.0,0.0
31,July,home,43.12782571130324,0.0,0.0,0.0
31,July,public,1972.5,0.0,0.0,0.0
31,August,home,43.12782571130324,0.0,0.0,0.0
31,August,public,1972.5,0.0,0.0,0.0
31,September,home,43.12782571130324,0.0,0.0,0.0
31,September,public,1972.5,0.0,0.0,0.0
31,October,home,43.12782571130324,0.0,0.0,0.0
31,October,public,1972.5,0.0,0.0,0.0
31,November,home,43.12782571130324,0.0,0.0,0.0
31,November,public,1972.5,0.0,0.0,0.0
31,December,home,43.12782571130324,0.0,0.0,0.0
31,December,public,1972.5,0.0,0.0,0.0
32,January,public,5080.0,0.0,0.0,0.0
32,February,public,5080.0,0.0,0.0,0.0
32,March,public,5080.0,0.0,0.0,0.0
32,April,public,5080.0,0.0,0.0,0.0
32,May,public,5080.0,0.0,0.0,0.0
32,June,public,5080.0,0.0,0.0,0.0
32,July,public,5080.0,0.0,0.0,0.0
32,August,public,5080.0,0.0,0.0,0.0
32,September,public,5080.0,0.0,0.0,0.0
32,October,public,5080.0,0.0,0.0,0.0
32,November,public,5080.0,0.0,0.0,0.0
32,December,public,5080.0,0.0,0.0,0.0
33,January,home,281.5902556336692,0.0,0.0,0.0
33,January,public,2877.5000000000005,0.0,0.0,0.0
33,February,home,281.5902556336692,0.0,0.0,0.0
33,February,public,2877.5000000000005,0.0,0.0,0.0
33,March,home,281.5902556336692,0.0,0.0,0.0
33,March,public,2877.5000000000005,0.0,0.0,0.0
33,April,home,281.5902556336692,0.0,0.0,0.0
33,April,public,2877.5000000000005,0.0,0.0,0.0
33,May,home,281.5902556336692,0.0,0.0,0.0
33,May,public,2877.5000000000005,0.0,0.0,0.0
33,June,home,281.5902556336692,0.0,0.0,0.0
33,June,public,2877.5000000000005,0.0,0.0,0.0
33,July,home,281.5902556336692,0.0,0.0,0.0
33,July,public,2877.5000000000005,0.0,0.0,0.0
33,August,home,281.5902556336692,0.0,0.0,0.0
33,August,public,2877.5000000000005,0.0,0.0,0.0
33,September,home,281.5902556336692,0.0,0.0,0.0
33,September,public,2877.5000000000005,0.0,0.0,0.0
33,October,home,281.5902556336692,0.0,0.0,0.0
33,October,public,2877.5000000000005,0.0,0.0,0.0
33,November,home,281.5902556336692,0.0,0.0,0.0
33,November,public,2877.5000000000005,0.0,0.0,0.0
33,December,home,281.5902556336692,0.0,0.0,0.0
33,December,public,2877.5000000000005,0.0,0.0,0.0
34,January,public,1135.0000000000002,0.0,0.0,0.0
34,February,public,1135.0000000000002,0.0,0.0,0.0
34,March,public,1135.0000000000002,0.0,0.0,0.0
34,April,public,1135.0000000000002,0.0,0.0,0.0
34,May,public,1135.0000000000002,0.0,0.0,0.0
34,June,public,1135.0000000000002,0.0,0.0,0.0
34,July,public,1135.0000000000002,0.0,0.0,0.0
34,August,public,1135.0000000000002,0.0,0.0,0.0
34,September,public,1135.0000000000002,0.0,0.0,0.0
34,October,public,1135.0000000000002,0.0,0.0,0.0
34,November,public,1135.0000000000002,0.0,0.0,0.0
34,December,public,1135.0000000000002,0.0,0.0,0.0
36,January,public,1914.9999999999998,0.0,0.0,0.0
36,February,public,1914.9999999999998,0.0,0.0,0.0
36,March,public,1914.9999999999998,0.0,0.0,0.0
36,April,public,1914.9999999999998,0.0,0.0,0.0
36,May,public,1914.9999999999998,0.0,0.0,0.0
36,June,public,1914.9999999999998,0.0,0.0,0.0
36,July,public,1914.9999999999998,0.0,0.0,0.0
36,August,public,1914.9999999999998,0.0,0.0,0.0
36,September,public,1914.9999999999998,0.0,0.0,0.0
36,October,public,1914.9999999999998,0.0,0.0,0.0
36,November,public,1914.9999999999998,0.0,0.0,0.0
36,December,public,1914.9999999999998,0.0,0.0,0.0
37,January,home,16.354404290323046,0.0,0.0,0.0
37,January,public,330.0,0.0,0.0,0.0
37,February,home,16.354404290323046,0.0,0.0,0.0
37,February,public,330.0,0.0,0.0,0.0
37,March,home,16.354404290323046,0.0,0.0,0.0
37,March,public,330.0,0.0,0.0,0.0
37,April,home,16.354404290323046,0.0,0.0,0.0
37,April,public,330.0,0.0,0.0,0.0
37,May,home,16.354404290323046,0.0,0.0,0.0
37,May,public,330.0,0.0,0.0,0.0
37,June,home,16.354404290323046,0.0,0.0,0.0
37,June,public,330.0,0.0,0.0,0.0
37,July,home,16.354404290323046,0.0,0.0,0.0
37,July,public,330.0,0.0,0.0,0.0
37,August,home,16.354404290323046,0.0,0.0,0.0
37,August,public,330.0,0.0,0.0,0.0
37,September,home,16.354404290323046,0.0,0.0,0.0
37,September,public,330.0,0.0,0.0,0.0
37,October,home,16.354404290323046,0.0,0.0,0.0
37,October,public,330.0,0.0,0.0,0.0
37,November,home,16.354404290323046,0.0,0.0,0.0
37,November,public,330.0,0.0,0.0,0.0
37,December,home,16.354404290323046,0.0,0.0,0.0
37,December,public,330.0,0.0,0.0,0.0
38,January,public,454.99999999999983,0.0,0.0,0.0
38,February,public,454.99999999999983,0.0,0.0,0.0
38,March,public,454.99999999999983,0.0,0.0,0.0
38,April,public,454.99999999999983,0.0,0.0,0.0
38,May,public,454.99999999999983,0.0,0.0,0.0
38,June,public,454.99999999999983,0.0,0.0,0.0
38,July,public,454.99999999999983,0.0,0.0,0.0
38,August,public,454.99999999999983,0.0,0.0,0.0
38,September,public,454.99999999999983,0.0,0.0,0.0
38,October,public,454.99999999999983,0.0,0.0,0.0
38,November,public,454.99999999999983,0.0,0.0,0.0
38,December,public,454.99999999999983,0.0,0.0,0.0
39,January,public,930.0000000000003,0.0,0.0,0.0
39,February,public,930.0000000000003,0.0,0.0,0.0
39,March,public,930.0000000000003,0.0,0.0,0.0
39,April,public,930.0000000000003,0.0,0.0,0.0
39,May,public,930.0000000000003,0.0,0.0,0.0
39,June,public,930.0000000000003,0.0,0.0,0.0
39,July,public,930.0000000000003,0.0,0.0,0.0
39,August,public,930.0000000000003,0.0,0.0,0.0
39,September,public,930.0000000000003,0.0,0.0,0.0
39,October,public,930.0000000000003,0.0,0.0,0.0
39,November,public,930.0000000000003,0.0,0.0,0.0
39,December,public,930.0000000000003,0.0,0.0,0.0
40,January,public,1232.4999999999998,0.0,0.0,0.0
40,February,public,1232.4999999999998,0.0,0.0,0.0
40,March,public,1232.4999999999998,0.0,0.0,0.0
40,April,public,1232.4999999999998,0.0,0.0,0.0
40,May,public,1232.4999999999998,0.0,0.0,0.0
40,June,public,1232.4999999999998,0.0,0.0,0.0
40,July,public,1232.4999999999998,0.0,0.0,0.0
40,August,public,1232.4999999999998,0.0,0.0,0.0
40,September,public,1232.4999999999998,0.0,0.0,0.0
40,October,public,1232.4999999999998,0.0,0.0,0.0
40,November,public,1232.4999999999998,0.0,0.0,0.0
40,December,public,1232.4999999999998,0.0,0.0,0.0
41,January,home,0.46461648200394023,0.0,0.0,0.0
41,January,public,1814.9999999999998,0.0,0.0,0.0
41,February,home,0.46461648200394023,0.0,0.0,0.0
41,February,public,1814.9999999999998,0.0,0.0,0.0
41,March,home,0.46461648200394023,0.0,0.0,0.0
41,March,public,1814.9999999999998,0.0,0.0,0.0
41,April,home,0.46461648200394023,0.0,0.0,0.0
41,April,public,1814.9999999999998,0.0,0.0,0.0
41,May,home,0.46461648200394023,0.0,0.0,0.0
41,May,public,1814.9999999999998,0.0,0.0,0.0
41,June,home,0.46461648200394023,0.0,0.0,0.0
41,June,public,1814.9999999999998,0.0,0.0,0.0
41,July,home,0.46461648200394023,0.0,0.0,0.0
41,July,public,1814.9999999999998,0.0,0.0,0.0
41,August,home,0.46461648200394023,0.0,0.0,0.0
41,August,public,1814.9999999999998,0.0,0.0,0.0
41,September,home,0.46461648200394023,0.0,0.0,0.0
41,September,public,1814.9999999999998,0.0,0.0,0.0
41,October,home,0.46461648200394023,0.0,0.0,0.0
41,October,public,1814.9999999999998,0.0,0.0,0.0
41,November,home,0.46461648200394023,0.0,0.0,0.0
41,November,public,1814.9999999999998,0.0,0.0,0.0
41,December,home,0.46461648200394023,0.0,0.0,0.0
41,December,public,1814.9999999999998,0.0,0.0,0.0
42,January,home,389.0501495810051,0.0,0.0,0.0
42,January,public,112.5,0.0,0.0,0.0
42,February,home,389.0501495810051,0.0,0.0,0.0
42,February,public,112.5,0.0,0.0,0.0
42,March,home,389.0501495810051,0.0,0.0,0.0
42,March,public,112.5,0.0,0.0,0.0
42,April,home,389.0501495810051,0.0,0.0,0.0
42,April,public,112.5,0.0,0.0,0.0
42,May,home,389.0501495810051,0.0,0.0,0.0
42,May,public,112.5,0.0,0.0,0.0
42,June,home,389.0501495810051,0.0,0.0,0.0
42,June,public,112.5,0.0,0.0,0.0
42,July,home,389.0501495810051,0.0,0.0,0.0
42,July,public,112.5,0.0,0.0,0.0
42,August,home,389.0501495810051,0.0,0.0,0.0
42,August,public,112.5,0.0,0.0,0.0
42,September,home,389.0501495810051,0.0,0.0,0.0
42,September,public,112.5,0.0,0.0,0.0
42,October,home,389.0501495810051,0.0,0.0,0.0
42,October,public,112.5,0.0,0.0,0.0
42,November,home,389.0501495810051,0.0,0.0,0.0
42,November,public,112.5,0.0,0.0,0.0
42,December,home,389.0501495810051,0.0,0.0,0.0
42,December,public,112.5,0.0,0.0,0.0
43,January,public,695.0000000000001,0.0,0.0,0.0
43,February,public,695.0000000000001,0.0,0.0,0.0
43,March,public,695.0000000000001,0.0,0.0,0.0
43,April,public,695.0000000000001,0.0,0.0,0.0
43,May,public,695.0000000000001,0.0,0.0,0.0
43,June,public,695.0000000000001,0.0,0.0,0.0
43,July,public,695.0000000000001,0.0,0.0,0.0
43,August,public,695.0000000000001,0.0,0.0,0.0
43,September,public,695.0000000000001,0.0,0.0,0.0
43,October,public,695.0000000000001,0.0,0.0,0.0
43,November,public,695.0000000000001,0.0,0.0,0.0
43,December,public,695.0000000000001,0.0,0.0,0.0
44,January,public,835.0,0.0,0.0,0.0
44,February,public,835.0,0.0,0.0,0.0
44,March,public,835.0,0.0,0.0,0.0
44,April,public,835.0,0.0,0.0,0.0
44,May,public,835.0,0.0,0.0,0.0
44,June,public,835.0,0.0,0.0,0.0
44,July,public,835.0,0.0,0.0,0.0
44,August,public,835.0,0.0,0.0,0.0
44,September,public,835.0,0.0,0.0,0.0
44,October,public,835.0,0.0,0.0,0.0
44,November,public,835.0,0.0,0.0,0.0
44,December,public,835.0,0.0,0.0,0.0
45,January,home,447.3234542442892,0.0,0.0,0.0
45,January,public,1360.1544589081022,0.0,0.0,0.0
45,February,home,447.3234542442892,0.0,0.0,0.0
45,February,public,1360.1544589081022,0.0,0.0,0.0
45,March,home,447.3234542442892,0.0,0.0,0.0
45,March,public,1360.1544589081022,0.0,0.0,0.0
45,April,home,447.3234542442892,0.0,0.0,0.0
45,April,public,1360.1544589081022,0.0,0.0,0.0
45,May,home,447.3234542442892,0.0,0.0,0.0
45,May,public,1360.1544589081022,0.0,0.0,0.0
45,June,home,447.3234542442892,0.0,0.0,0.0
45,June,public,1360.1544589081022,0.0,0.0,0.0
45,July,home,447.3234542442892,0.0,0.0,0.0
45,July,public,1360.1544589081022,0.0,0.0,0.0
45,August,home,447.3234542442892,0.0,0.0,0.0
45,August,public,1360.1544589081022,0.0,0.0,0.0
45,September,home,447.3234542442892,0.0,0.0,0.0
45,September,public,1360.1544589081022,0.0,0.0,0.0
45,October,home,447.3234542442892,0.0,0.0,0.0
45,October,public,1360.1544589081022,0.0,0.0,0.0
45,November,home,447.3234542442892,0.0,0.0,0.0
45,November,public,1360.1544589081022,0.0,0.0,0.0
45,December,home,447.3234542442892,0.0,0.0,0.0
45,December,public,1360.1544589081022,0.0,0.0,0.0
46,January,home,98.2647190234552,0.0,0.0,0.0
46,January,public,1597.4999999999993,0.0,0.0,0.0
46,February,home,98.2647190234552,0.0,0.0,0.0
46,February,public,1597.4999999999993,0.0,0.0,0.0
46,March,home,98.2647190234552,0.0,0.0,0.0
46,March,public,1597.4999999999993,0.0,0.0,0.0
46,April,home,98.2647190234552,0.0,0.0,0.0
46,April,public,1597.4999999999993,0.0,0.0,0.0
46,May,home,98.2647190234552,0.0,0.0,0.0
46,May,public,1597.4999999999993,0.0,0.0,0.0
46,June,home,98.2647190234552,0.0,0.0,0.0
46,June,public,1597.4999999999993,0.0,0.0,0.0
46,July,home,98.2647190234552,0.0,0.0,0.0
46,July,public,1597.4999999999993,0.0,0.0,0.0
46,August,home,98.2647190234552,0.0,0.0,0.0
46,August,public,1597.4999999999993,0.0,0.0,0.0
46,September,home,98.2647190234552,0.0,0.0,0.0
46,September,public,1597.4999999999993,0.0,0.0,0.0
46,October,home,98.2647190234552,0.0,0.0,0.0
46,October,public,1597.4999999999993,0.0,0.0,0.0
46,November,home,98.2647190234552,0.0,0.0,0.0
46,November,public,1597.4999999999993,0.0,0.0,0.0
46,December,home,98.2647190234552,0.0,0.0,0.0
46,December,public,1597.4999999999993,0.0,0.0,0.0
47,January,public,587.5,0.0,0.0,0.0
47,February,public,587.5,0.0,0.0,0.0
47,March,public,587.5,0.0,0.0,0.0
47,April,public,587.5,0.0,0.0,0.0
47,May,public,587.5,0.0,0.0,0.0
47,June,public,587.5,0.0,0.0,0.0
47,July,public,587.5,0.0,0.0,0.0
47,August,public,587.5,0.0,0.0,0.0
47,September,public,587.5,0.0,0.0,0.0
47,October,public,587.5,0.0,0.0,0.0
47,November,public,587.5,0.0,0.0,0.0
47,December,public,587.5,0.0,0.0,0.0
48,January,public,285.0,0.0,0.0,0.0
48,February,public,285.0,0.0,0.0,0.0
48,March,public,285.0,0.0,0.0,0.0
48,April,public,285.0,0.0,0.0,0.0
48,May,public,285.0,0.0,0.0,0.0
48,June,public,285.0,0.0,0.0,0.0
48,July,public,285.0,0.0,0.0,0.0
48,August,public,285.0,0.0,0.0,0.0
48,September,public,285.0,0.0,0.0,0.0
48,October,public,285.0,0.0,0.0,0.0
48,November,public,285.0,0.0,0.0,0.0
48,December,public,285.0,0.0,0.0,0.0
49,January,home,0.5917223516626109,0.0,0.0,0.0
49,January,public,575.0,0.0,0.0,0.0
49,February,home,0.5917223516626109,0.0,0.0,0.0
49,February,public,575.0,0.0,0.0,0.0
49,March,home,0.5917223516626109,0.0,0.0,0.0
49,March,public,575.0,0.0,0.0,0.0
49,April,home,0.5917223516626109,0.0,0.0,0.0
49,April,public,575.0,0.0,0.0,0.0
49,May,home,0.5917223516626109,0.0,0.0,0.0
49,May,public,575.0,0.0,0.0,0.0
49,June,home,0.5917223516626109,0.0,0.0,0.0
49,June,public,575.0,0.0,0.0,0.0
49,July,home,0.5917223516626109,0.0,0.0,0.0
49,July,public,575.0,0.0,0.0,0.0
49,August,home,0.5917223516626109,0.0,0.0,0.0
49,August,public,575.0,0.0,0.0,0.0
49,September,home,0.5917223516626109,0.0,0.0,0.0
49,September,public,575.0,0.0,0.0,0.0
49,October,home,0.5917223516626109,0.0,0.0,0.0
49,October,public,575.0,0.0,0.0,0.0
49,November,home,0.5917223516626109,0.0,0.0,0.0
49,November,public,575.0,0.0,0.0,0.0
49,December,home,0.5917223516626109,0.0,0.0,0.0
49,December,public,575.0,0.0,0.0,0.0
50,January,public,239.99999999999994,0.0,0.0,0.0
50,February,public,239.99999999999994,0.0,0.0,0.0
50,March,public,239.99999999999994,0.0,0.0,0.0
50,April,public,239.99999999999994,0.0,0.0,0.0
50,May,public,239.99999999999994,0.0,0.0,0.0
50,June,public,239.99999999999994,0.0,0.0,0.0
50,July,public,239.99999999999994,0.0,0.0,0.0
50,August,public,239.99999999999994,0.0,0.0,0.0
50,September,public,239.99999999999994,0.0,0.0,0.0
50,October,public,239.99999999999994,0.0,0.0,0.0
50,November,public,239.99999999999994,0.0,0.0,0.0
50,December,public,239.99999999999994,0.0,0.0,0.0
51,January,public,337.5,0.0,0.0,0.0
51,February,public,337.5,0.0,0.0,0.0
51,March,public,337.5,0.0,0.0,0.0
51,April,public,337.5,0.0,0.0,0.0
51,May,public,337.5,0.0,0.0,0.0
51,June,public,337.5,0.0,0.0,0.0
51,July,public,337.5,0.0,0.0,0.0
51,August,public,337.5,0.0,0.0,0.0
51,September,public,337.5,0.0,0.0,0.0
51,October,public,337.5,0.0,0.0,0.0
51,November,public,337.5,0.0,0.0,0.0
51,December,public,337.5,0.0,0.0,0.0
52,January,public,512.5,0.0,0.0,0.0
52,February,public,512.5,0.0,0.0,0.0
52,March,public,512.5,0.0,0.0,0.0
52,April,public,512.5,0.0,0.0,0.0
52,May,public,512.5,0.0,0.0,0.0
52,June,public,512.5,0.0,0.0,0.0
52,July,public,512.5,0.0,0.0,0.0
52,August,public,512.5,0.0,0.0,0.0
52,September,public,512.5,0.0,0.0,0.0
52,October,public,512.5,0.0,0.0,0.0
52,November,public,512.5,0.0,0.0,0.0
52,December,public,512.5,0.0,0.0,0.0
53,January,public,672.4999999999999,0.0,0.0,0.0
53,February,public,672.4999999999999,0.0,0.0,0.0
53,March,public,672.4999999999999,0.0,0.0,0.0
53,April,public,672.4999999999999,0.0,0.0,0.0
53,May,public,672.4999999999999,0.0,0.0,0.0
53,June,public,672.4999999999999,0.0,0.0,0.0
53,July,public,672.4999999999999,0.0,0.0,0.0
53,August,public,672.4999999999999,0.0,0.0,0.0
53,September,public,672.4999999999999,0.0,0.0,0.0
53,October,public,672.4999999999999,0.0,0.0,0.0
53,November,public,672.4999999999999,0.0,0.0,0.0
53,December,public,672.4999999999999,0.0,0.0,0.0
54,January,public,660.0,0.0,0.0,0.0
54,February,public,660.0,0.0,0.0,0.0
54,March,public,660.0,0.0,0.0,0.0
54,April,public,660.0,0.0,0.0,0.0
54,May,public,660.0,0.0,0.0,0.0
54,June,public,660.0,0.0,0.0,0.0
54,July,public,660.0,0.0,0.0,0.0
54,August,public,660.0,0.0,0.0,0.0
54,September,public,660.0,0.0,0.0,0.0
54,October,public,660.0,0.0,0.0,0.0
54,November,public,660.0,0.0,0.0,0.0
54,December,public,660.0,0.0,0.0,0.0
55,January,public,502.5,0.0,0.0,0.0
55,February,public,502.5,0.0,0.0,0.0
55,March,public,502.5,0.0,0.0,0.0
55,April,public,502.5,0.0,0.0,0.0
55,May,public,502.5,0.0,0.0,0.0
55,June,public,502.5,0.0,0.0,0.0
55,July,public,502.5,0.0,0.0,0.0
55,August,public,502.5,0.0,0.0,0.0
55,September,public,502.5,0.0,0.0,0.0
55,October,public,502.5,0.0,0.0,0.0
55,November,public,502.5,0.0,0.0,0.0
55,December,public,502.5,0.0,0.0,0.0
56,January,public,272.5,0.0,0.0,0.0
56,February,public,272.5,0.0,0.0,0.0
56,March,public,272.5,0.0,0.0,0.0
56,April,public,272.5,0.0,0.0,0.0
56,May,public,272.5,0.0,0.0,0.0
56,June,public,272.5,0.0,0.0,0.0
56,July,public,272.5,0.0,0.0,0.0
56,August,public,272.5,0.0,0.0,0.0
56,September,public,272.5,0.0,0.0,0.0
56,October,public,272.5,0.0,0.0,0.0
56,November,public,272.5,0.0,0.0,0.0
56,December,public,272.5,0.0,0.0,0.0
