iteration,method,master_incumbent_SEK,master_best_bound_UB_SEK,global_best_UB_SEK,master_reported_mip_gap,theta_master_SEK,true_type_assignment_cost_SEK,certified_LB_candidate_SEK,best_LB_SEK,Benders_gap,cuts_added,cut_candidates,bad_slots,max_theta_violation_SEK,positive_type_rows
1,Benders,126991872.4065,126992432.2276,126992432.2276,4e-06,0.0,136991.54894852868,126854880.8575814,126854880.8575814,0.0010843206748427279,290,290,0,2271.5778629619435,1523
2,Benders,126991853.8514,126993081.142,126992432.2276,1e-05,0.0,119758.60089594766,126872095.25053914,126872095.25053914,0.00094849050000491,243,243,0,3343.6108866310974,1631
3,Benders,126991947.823,126993211.6002,126992432.2276,1e-05,0.0,17764.6814784708,126974183.14153658,126974183.14153658,0.00014372280736055438,83,83,0,1531.0148419900102,1530
4,Benders,126991941.2714,126993041.2156,126992432.2276,9e-06,0.0,37449.437753515835,126954491.83369058,126974183.14153658,0.00014372280736055438,137,137,0,1700.0849821452646,1601
5,Benders,126991944.7018,126993131.1685,126992432.2276,9e-06,0.0,4866.438947501475,126987078.2628513,126987078.2628513,4.2161492507239905e-05,31,31,0,1087.4357280874804,1538
6,Benders,126991838.3486,126993106.92,126992432.2276,1e-05,0.0,8532.004279826475,126983306.34432657,126987078.2628513,4.2161492507239905e-05,57,57,0,818.2009091158325,1573
7,Benders,126991908.2594,126993076.5903,126992432.2276,9e-06,0.0,4903.6664708938615,126987004.59288338,126987078.2628513,4.2161492507239905e-05,17,17,0,1233.879887173916,1535
8,Benders,126991929.8603,126993191.0974,126992432.2276,1e-05,0.0,1993.31230580349,126989936.54802842,126989936.54802842,1.965257751447953e-05,11,11,0,1005.3927425419079,1528
9,Benders,126991938.2026,126993162.9295,126992432.2276,1e-05,0.0,1612.6469708999145,126990325.55564247,126990325.55564247,1.658923188286154e-05,14,14,0,311.0039023629064,1537
10,Benders,126991862.5444,126993113.9624,126992432.2276,1e-05,0.0,400.096951354774,126991462.44740003,126991462.44740003,7.636577934217884e-06,4,4,0,115.78572863467357,1530
