iteration,status,candidate_source,candidate_signature,candidate_repeat_count,candidate_cached,master_gap_requested,tight_stagnation_round,new_cuts_total,master_eta_sek,master_bound_sek,master_termination,master_internal_gap,master_mip_gap,master_gap_is_mip,master_candidate_bound_gap,master_time_limit_seconds,master_mip_focus,master_solve_seconds,global_ub_sek,best_lb_sek,lbbd_gap,screen_unavoidable_slack_kwh,hall_profit_cuts_added,component_lp_cuts_added,component_lp_cuts_violated,max_component_lp_violation_sek,annual_lp_cut_added,annual_lp_upper_sek,annual_lp_violation_sek,annual_core_cut_added,annual_core_lp_upper_sek,annual_core_violation_at_candidate_sek,exact_config_cut_added,partial_logic_cuts_added,partial_logic_cuts_violated,candidate_exact_objective_sek,candidate_fixed_upper_bound_sek,candidate_fixed_gap,slow,medium,fast,pv,bess,best_slow,best_medium,best_fast,best_pv,best_bess,best_fixed_upper_bound_sek,elapsed_seconds,target_gap,target_gap_percent,run_path
1.0,evaluated,master_mip_incumbent,57aacdbbd1c4,0.0,0.0,0.0001,0.0,1.0,126848734.19323456,127001258.78431812,maxtimelimit,0.0012009691285232,0.0012009691285232,1,0.0012009691285232,1500,1,1522.9613082408905,127001258.78431812,126846315.67611684,0.0012200123816443,0.0,0.0,0.0,0.0,0.0,0.0,126848734.19323428,2.831220626831055e-07,0.0,,0.0,1.0,0.0,0.0,126846315.67611684,126848699.36275482,1.87915733464952e-05,74.0,394.0,42.0,15060.0,320.0,74.0,394.0,42.0,15060.0,320.0,126848699.36275482,1871.80850315094,0.0001,0.01,C:\Users\omkarp\IdeaProjects\VSCode\Large-scale-LBBD-Optimization\runs\tolerance runs\2026-09-07_145250_small_with_redirection_LBBD_withPV_withBESS
2.0,evaluated,master_mip_incumbent,5b6a293731a2,0.0,0.0,0.0001,0.0,1.0,126988416.6902665,126999340.58871292,optimal,8.601539500746555e-05,8.601539500746555e-05,1,8.601539500746555e-05,1500,1,742.2640159130096,126999340.58871292,126987849.14775804,9.048425685999372e-05,0.0,0.0,0.0,0.0,0.0,0.0,126988416.69026569,8.344650268554688e-07,0.0,126948338.69855604,-122515.43032371998,1.0,0.0,0.0,126987849.14775804,126988381.5825882,4.192783808318506e-06,72.0,402.0,41.0,15029.0,322.0,72.0,402.0,41.0,15029.0,322.0,126988381.5825882,2954.5140838623047,0.0001,0.01,C:\Users\omkarp\IdeaProjects\VSCode\Large-scale-LBBD-Optimization\runs\tolerance runs\2026-09-07_145250_small_with_redirection_LBBD_withPV_withBESS
1.0,evaluated,master_mip_incumbent,24231d55a5ad,0.0,0.0,0.0001,0.0,1.0,126989807.00013871,127001258.78431812,optimal,9.017063522840864e-05,9.017063522840864e-05,1,9.017063522840864e-05,1500,1,995.6578962802888,127001258.78431812,126989765.27000646,9.04992156902586e-05,0.0,0.0,0.0,0.0,0.0,0.0,126989807.00013824,4.917383193969727e-07,0.0,,0.0,1.0,0.0,0.0,126989765.27000646,126989773.36247252,6.372533674935676e-08,68.0,404.0,41.0,15088.0,322.0,68.0,404.0,41.0,15088.0,322.0,126989773.36247252,1215.017127752304,5e-05,0.005,C:\Users\omkarp\IdeaProjects\VSCode\Large-scale-LBBD-Optimization\runs\tolerance runs\2026-09-07_154307_small_with_redirection_LBBD_withPV_withBESS
2.0,evaluated,master_mip_incumbent,9560966c1c1c,0.0,0.0,2.5e-05,0.0,1.0,126991742.51515982,126994013.48174368,optimal,1.7882469587350815e-05,1.7882469587350815e-05,1,1.7882469587350815e-05,1500,1,989.6478099822998,126994013.48174368,126990418.17627686,2.831082637869919e-05,0.0,0.0,0.0,0.0,0.0,0.0,126991742.51515897,8.642673492431641e-07,0.0,126992316.7606401,-1070.9142576009035,1.0,0.0,0.0,126990418.17627686,126991709.40085602,1.0167786426747172e-05,72.0,402.0,41.0,15072.0,321.0,72.0,402.0,41.0,15072.0,321.0,126991709.40085602,2543.8574616909027,5e-05,0.005,C:\Users\omkarp\IdeaProjects\VSCode\Large-scale-LBBD-Optimization\runs\tolerance runs\2026-09-07_154307_small_with_redirection_LBBD_withPV_withBESS
1.0,evaluated,master_mip_incumbent,24231d55a5ad,0.0,0.0,0.0001,0.0,1.0,126989807.00013871,127001258.78431812,optimal,9.017063522840864e-05,9.017063522840864e-05,1,9.017063522840864e-05,1500,1,966.208595752716,127001258.78431812,126989765.27000646,9.04992156902586e-05,0.0,0.0,0.0,0.0,0.0,0.0,126989807.00013824,4.917383193969727e-07,0.0,,0.0,1.0,0.0,0.0,126989765.27000646,126989773.36247252,6.372533674935676e-08,68.0,404.0,41.0,15088.0,322.0,68.0,404.0,41.0,15088.0,322.0,126989773.36247252,1186.1785163879397,2e-05,0.002,C:\Users\omkarp\IdeaProjects\VSCode\Large-scale-LBBD-Optimization\runs\tolerance runs\2026-09-07_162633_small_with_redirection_LBBD_withPV_withBESS
2.0,evaluated,master_mip_incumbent,9560966c1c1c,0.0,0.0,2.5e-05,0.0,1.0,126991742.51515982,126994013.48174368,optimal,1.7882469587350815e-05,1.7882469587350815e-05,1,1.7882469587350815e-05,1500,1,995.4374296665192,126994013.48174368,126990418.17627686,2.831082637869919e-05,0.0,0.0,0.0,0.0,0.0,0.0,126991742.51515897,8.642673492431641e-07,0.0,126992316.7606401,-1070.9142576009035,1.0,0.0,0.0,126990418.17627686,126991709.40085602,1.0167786426747172e-05,72.0,402.0,41.0,15072.0,321.0,72.0,402.0,41.0,15072.0,321.0,126991709.40085602,2516.9569635391235,2e-05,0.002,C:\Users\omkarp\IdeaProjects\VSCode\Large-scale-LBBD-Optimization\runs\tolerance runs\2026-09-07_162633_small_with_redirection_LBBD_withPV_withBESS
3.0,evaluated_cached,master_mip_incumbent,9560966c1c1c,1.0,1.0,2e-05,1.0,0.0,126991730.02149343,126993520.35719848,optimal,1.4097850819523348e-05,1.4097850819523348e-05,1,1.4097850819523348e-05,1500,1,291.5103716850281,126993520.35719848,126990418.17627686,2.4427867759619334e-05,0.0,0.0,0.0,0.0,0.0,0.0,,0.0,0.0,,0.0,0.0,0.0,0.0,126990418.17627686,126991709.40085602,1.0167786426747172e-05,72.0,402.0,41.0,15072.0,321.0,72.0,402.0,41.0,15072.0,321.0,126991709.40085602,2808.6833238601685,2e-05,0.002,C:\Users\omkarp\IdeaProjects\VSCode\Large-scale-LBBD-Optimization\runs\tolerance runs\2026-09-07_162633_small_with_redirection_LBBD_withPV_withBESS
4.0,evaluated,master_mip_incumbent,f943bdaf9f7e,0.0,0.0,2e-05,0.0,0.0,126991753.55786936,126993887.72204916,optimal,1.6805251166677994e-05,1.6805251166677994e-05,1,1.6805251166677994e-05,1500,1,284.64562368392944,126993520.35719848,126990631.15877478,2.275075464930817e-05,0.0,0.0,0.0,0.0,0.0,0.0,126991792.32692827,-38.76905891299248,0.0,126992337.23632312,-396.66337236762047,0.0,0.0,0.0,126990631.15877478,126991759.10440063,8.882037966961529e-06,72.0,402.0,41.0,15072.0,320.0,72.0,402.0,41.0,15072.0,320.0,126991759.10440063,3432.4728095531464,2e-05,0.002,C:\Users\omkarp\IdeaProjects\VSCode\Large-scale-LBBD-Optimization\runs\tolerance runs\2026-09-07_162633_small_with_redirection_LBBD_withPV_withBESS
5.0,evaluated_cached,master_mip_incumbent,f943bdaf9f7e,1.0,1.0,2e-05,1.0,0.0,126991754.092105,126993926.67379414,optimal,1.7107760552438015e-05,1.7107760552438015e-05,1,1.7107760552438015e-05,1500,3,188.11903619766235,126993520.35719848,126990631.15877478,2.275075464930817e-05,0.0,0.0,0.0,0.0,0.0,0.0,,0.0,0.0,,0.0,0.0,0.0,0.0,126990631.15877478,126991759.10440063,8.882037966961529e-06,72.0,402.0,41.0,15072.0,320.0,72.0,402.0,41.0,15072.0,320.0,126991759.10440063,3620.79734325409,2e-05,0.002,C:\Users\omkarp\IdeaProjects\VSCode\Large-scale-LBBD-Optimization\runs\tolerance runs\2026-09-07_162633_small_with_redirection_LBBD_withPV_withBESS
6.0,evaluated_cached,master_mip_incumbent,f943bdaf9f7e,2.0,1.0,2e-05,2.0,0.0,126991754.092105,126993394.60670272,optimal,1.2918109660817443e-05,1.2918109660817443e-05,1,1.2918109660817443e-05,1500,3,203.118846654892,126993394.60670272,126990631.15877478,2.176056429151518e-05,0.0,0.0,0.0,0.0,0.0,0.0,,0.0,0.0,,0.0,0.0,0.0,0.0,126990631.15877478,126991759.10440063,8.882037966961529e-06,72.0,402.0,41.0,15072.0,320.0,72.0,402.0,41.0,15072.0,320.0,126991759.10440063,3824.1256306171417,2e-05,0.002,C:\Users\omkarp\IdeaProjects\VSCode\Large-scale-LBBD-Optimization\runs\tolerance runs\2026-09-07_162633_small_with_redirection_LBBD_withPV_withBESS
7.0,evaluated_cached,master_mip_incumbent,f943bdaf9f7e,3.0,1.0,2e-05,3.0,0.0,126991754.092105,126993394.60670272,optimal,1.2918109660817443e-05,1.2918109660817443e-05,1,1.2918109660817443e-05,1500,3,205.9877972602844,126993394.60670272,126990631.15877478,2.176056429151518e-05,0.0,0.0,0.0,0.0,0.0,0.0,,0.0,0.0,,0.0,0.0,0.0,0.0,126990631.15877478,126991759.10440063,8.882037966961529e-06,72.0,402.0,41.0,15072.0,320.0,72.0,402.0,41.0,15072.0,320.0,126991759.10440063,4030.319492816925,2e-05,0.002,C:\Users\omkarp\IdeaProjects\VSCode\Large-scale-LBBD-Optimization\runs\tolerance runs\2026-09-07_162633_small_with_redirection_LBBD_withPV_withBESS
8.0,evaluated_cached,master_mip_incumbent,f943bdaf9f7e,4.0,1.0,2e-05,4.0,0.0,126991754.092105,126993394.60670272,optimal,1.2918109660817443e-05,1.2918109660817443e-05,1,1.2918109660817443e-05,1500,3,205.72840332984924,126993394.60670272,126990631.15877478,2.176056429151518e-05,0.0,0.0,0.0,0.0,0.0,0.0,,0.0,0.0,,0.0,0.0,0.0,0.0,126990631.15877478,126991759.10440063,8.882037966961529e-06,72.0,402.0,41.0,15072.0,320.0,72.0,402.0,41.0,15072.0,320.0,126991759.10440063,4236.258677244186,2e-05,0.002,C:\Users\omkarp\IdeaProjects\VSCode\Large-scale-LBBD-Optimization\runs\tolerance runs\2026-09-07_162633_small_with_redirection_LBBD_withPV_withBESS
1.0,evaluated,master_mip_incumbent,57aacdbbd1c4,0.0,0.0,0.0001,0.0,1.0,126848734.19323456,127001258.78431812,maxtimelimit,0.0012009691285232,0.0012009691285232,1,0.0012009691285232,1500,1,1521.7615463733673,127001258.78431812,126846315.67611684,0.0012200123816443,0.0,0.0,0.0,0.0,0.0,0.0,126848734.19323428,2.831220626831055e-07,0.0,,0.0,1.0,0.0,0.0,126846315.67611684,126848699.36275482,1.87915733464952e-05,74.0,394.0,42.0,15060.0,320.0,74.0,394.0,42.0,15060.0,320.0,126848699.36275482,1755.510549783707,2.5e-05,0.0025,C:\Users\omkarp\IdeaProjects\VSCode\Large-scale-LBBD-Optimization\runs\tolerance runs\2026-09-08_085830_small_with_redirection_LBBD_withPV_withBESS
2.0,evaluated,master_mip_incumbent,5b6a293731a2,0.0,0.0,0.0001,0.0,1.0,126988416.6902665,126999340.58871292,optimal,8.601539500746555e-05,8.601539500746555e-05,1,8.601539500746555e-05,1500,1,735.9250354766846,126999340.58871292,126987849.14775804,9.048425685999372e-05,0.0,0.0,0.0,0.0,0.0,0.0,126988416.69026569,8.344650268554688e-07,0.0,126948338.69855604,-122515.43032371998,1.0,0.0,0.0,126987849.14775804,126988381.5825882,4.192783808318506e-06,72.0,402.0,41.0,15029.0,322.0,72.0,402.0,41.0,15029.0,322.0,126988381.5825882,2864.9234120845795,2.5e-05,0.0025,C:\Users\omkarp\IdeaProjects\VSCode\Large-scale-LBBD-Optimization\runs\tolerance runs\2026-09-08_085830_small_with_redirection_LBBD_withPV_withBESS
3.0,evaluated,master_mip_incumbent,56cf994949f5,0.0,0.0,2.5e-05,0.0,1.0,126991355.97039694,126993418.35915811,optimal,1.624012321142335e-05,1.624012321142335e-05,1,1.624012321142335e-05,1500,1,536.2666339874268,126993418.35915811,126989002.49634472,3.4772375375466e-05,0.0,0.0,0.0,0.0,0.0,0.0,126991355.97039628,6.556510925292969e-07,0.0,126990333.35359593,-73177.61611033976,1.0,0.0,0.0,126989002.49634472,126991322.01948547,1.826520981006457e-05,72.0,402.0,41.0,15083.0,322.0,72.0,402.0,41.0,15083.0,322.0,126991322.01948547,3740.52308678627,2.5e-05,0.0025,C:\Users\omkarp\IdeaProjects\VSCode\Large-scale-LBBD-Optimization\runs\tolerance runs\2026-09-08_085830_small_with_redirection_LBBD_withPV_withBESS
4.0,evaluated,master_mip_incumbent,f5039ad68ec5,0.0,0.0,2e-05,0.0,1.0,126991405.78216654,126993801.02446188,optimal,1.88610961796342e-05,1.88610961796342e-05,1,1.88610961796342e-05,1500,1,612.3415129184723,126993418.35915811,126991365.52931824,1.6164852213675334e-05,0.0,0.0,0.0,0.0,0.0,0.0,126991405.7821656,9.387731552124024e-07,0.0,127005164.40454748,-34080.065830245614,1.0,0.0,0.0,126991365.52931824,126991371.93941498,5.047663189134077e-08,72.0,402.0,41.0,15083.0,321.0,72.0,402.0,41.0,15083.0,321.0,126991371.93941498,4703.914194107056,2.5e-05,0.0025,C:\Users\omkarp\IdeaProjects\VSCode\Large-scale-LBBD-Optimization\runs\tolerance runs\2026-09-08_085830_small_with_redirection_LBBD_withPV_withBESS
1.0,evaluated,master_mip_incumbent,24231d55a5ad,0.0,0.0,0.0001,0.0,1.0,126989807.00013871,127001258.78431812,optimal,9.017063522840864e-05,9.017063522840864e-05,1,9.017063522840864e-05,1500,1,965.897511959076,127001258.78431812,126989765.27000646,9.04992156902586e-05,0.0,0.0,0.0,0.0,0.0,0.0,126989807.00013824,4.917383193969727e-07,0.0,,0.0,1.0,0.0,0.0,126989765.27000646,126989773.36247252,6.372533674935676e-08,68.0,404.0,41.0,15088.0,322.0,68.0,404.0,41.0,15088.0,322.0,126989773.36247252,1184.986293554306,1e-05,0.001,C:\Users\omkarp\IdeaProjects\VSCode\Large-scale-LBBD-Optimization\runs\tolerance runs\2026-09-07_173810_small_with_redirection_LBBD_withPV_withBESS
2.0,evaluated,master_mip_incumbent,9560966c1c1c,0.0,0.0,2.5e-05,0.0,1.0,126991742.51515982,126994013.48174368,optimal,1.7882469587350815e-05,1.7882469587350815e-05,1,1.7882469587350815e-05,1500,1,995.2545988559724,126994013.48174368,126990418.17627686,2.831082637869919e-05,0.0,0.0,0.0,0.0,0.0,0.0,126991742.51515897,8.642673492431641e-07,0.0,126992316.7606401,-1070.9142576009035,1.0,0.0,0.0,126990418.17627686,126991709.40085602,1.0167786426747172e-05,72.0,402.0,41.0,15072.0,321.0,72.0,402.0,41.0,15072.0,321.0,126991709.40085602,2514.928826570511,1e-05,0.001,C:\Users\omkarp\IdeaProjects\VSCode\Large-scale-LBBD-Optimization\runs\tolerance runs\2026-09-07_173810_small_with_redirection_LBBD_withPV_withBESS
3.0,evaluated_cached,master_mip_incumbent,9560966c1c1c,1.0,1.0,2e-05,1.0,0.0,126991730.02149343,126993520.35719848,optimal,1.4097850819523348e-05,1.4097850819523348e-05,1,1.4097850819523348e-05,1500,1,294.27385091781616,126993520.35719848,126990418.17627686,2.4427867759619334e-05,0.0,0.0,0.0,0.0,0.0,0.0,,0.0,0.0,,0.0,0.0,0.0,0.0,126990418.17627686,126991709.40085602,1.0167786426747172e-05,72.0,402.0,41.0,15072.0,321.0,72.0,402.0,41.0,15072.0,321.0,126991709.40085602,2809.416743516922,1e-05,0.001,C:\Users\omkarp\IdeaProjects\VSCode\Large-scale-LBBD-Optimization\runs\tolerance runs\2026-09-07_173810_small_with_redirection_LBBD_withPV_withBESS
4.0,evaluated,master_mip_incumbent,f943bdaf9f7e,0.0,0.0,2e-05,0.0,0.0,126991753.55786936,126993887.72204916,optimal,1.6805251166677994e-05,1.6805251166677994e-05,1,1.6805251166677994e-05,1500,1,284.6599657535553,126993520.35719848,126990631.15877478,2.275075464930817e-05,0.0,0.0,0.0,0.0,0.0,0.0,126991792.32692827,-38.76905891299248,0.0,126992337.23632312,-396.66337236762047,0.0,0.0,0.0,126990631.15877478,126991759.10440063,8.882037966961529e-06,72.0,402.0,41.0,15072.0,320.0,72.0,402.0,41.0,15072.0,320.0,126991759.10440063,3432.6660277843475,1e-05,0.001,C:\Users\omkarp\IdeaProjects\VSCode\Large-scale-LBBD-Optimization\runs\tolerance runs\2026-09-07_173810_small_with_redirection_LBBD_withPV_withBESS
5.0,evaluated_cached,master_mip_incumbent,f943bdaf9f7e,1.0,1.0,2e-05,1.0,0.0,126991754.092105,126993926.67379414,optimal,1.7107760552438015e-05,1.7107760552438015e-05,1,1.7107760552438015e-05,1500,3,191.105211019516,126993520.35719848,126990631.15877478,2.275075464930817e-05,0.0,0.0,0.0,0.0,0.0,0.0,,0.0,0.0,,0.0,0.0,0.0,0.0,126990631.15877478,126991759.10440063,8.882037966961529e-06,72.0,402.0,41.0,15072.0,320.0,72.0,402.0,41.0,15072.0,320.0,126991759.10440063,3623.99552321434,1e-05,0.001,C:\Users\omkarp\IdeaProjects\VSCode\Large-scale-LBBD-Optimization\runs\tolerance runs\2026-09-07_173810_small_with_redirection_LBBD_withPV_withBESS
6.0,evaluated_cached,master_mip_incumbent,f943bdaf9f7e,2.0,1.0,2e-05,2.0,0.0,126991754.092105,126993394.60670272,optimal,1.2918109660817443e-05,1.2918109660817443e-05,1,1.2918109660817443e-05,1500,3,298.3650681972504,126993394.60670272,126990631.15877478,2.176056429151518e-05,0.0,0.0,0.0,0.0,0.0,0.0,,0.0,0.0,,0.0,0.0,0.0,0.0,126990631.15877478,126991759.10440063,8.882037966961529e-06,72.0,402.0,41.0,15072.0,320.0,72.0,402.0,41.0,15072.0,320.0,126991759.10440063,3922.7964341640472,1e-05,0.001,C:\Users\omkarp\IdeaProjects\VSCode\Large-scale-LBBD-Optimization\runs\tolerance runs\2026-09-07_173810_small_with_redirection_LBBD_withPV_withBESS
7.0,evaluated_cached,master_mip_incumbent,f943bdaf9f7e,3.0,1.0,2e-05,3.0,0.0,126991754.092105,126993394.60670272,optimal,1.2918109660817443e-05,1.2918109660817443e-05,1,1.2918109660817443e-05,1500,3,327.2037031650543,126993394.60670272,126990631.15877478,2.176056429151518e-05,0.0,0.0,0.0,0.0,0.0,0.0,,0.0,0.0,,0.0,0.0,0.0,0.0,126990631.15877478,126991759.10440063,8.882037966961529e-06,72.0,402.0,41.0,15072.0,320.0,72.0,402.0,41.0,15072.0,320.0,126991759.10440063,4250.234152555466,1e-05,0.001,C:\Users\omkarp\IdeaProjects\VSCode\Large-scale-LBBD-Optimization\runs\tolerance runs\2026-09-07_173810_small_with_redirection_LBBD_withPV_withBESS
8.0,evaluated_cached,master_mip_incumbent,f943bdaf9f7e,4.0,1.0,2e-05,4.0,0.0,126991754.092105,126993394.60670272,optimal,1.2918109660817443e-05,1.2918109660817443e-05,1,1.2918109660817443e-05,1500,3,200.78569960594177,126993394.60670272,126990631.15877478,2.176056429151518e-05,0.0,0.0,0.0,0.0,0.0,0.0,,0.0,0.0,,0.0,0.0,0.0,0.0,126990631.15877478,126991759.10440063,8.882037966961529e-06,72.0,402.0,41.0,15072.0,320.0,72.0,402.0,41.0,15072.0,320.0,126991759.10440063,4451.239065170288,1e-05,0.001,C:\Users\omkarp\IdeaProjects\VSCode\Large-scale-LBBD-Optimization\runs\tolerance runs\2026-09-07_173810_small_with_redirection_LBBD_withPV_withBESS
