HexID,AnnualPublicDemand_kWh,AnnualSlack_kWh,AnnualRedirectionOut_kWh,AnnualRedirectionIn_kWh,NetRedirectionIn_kWh,ChargerResourcesUsed,AvailableResourceLimit,ResourceBinding,InstalledCapacity_kWh_slot
32,1854200.0,0.0,2080.0876801544314,0.0,-2080.0876801544314,225.0,266.5,False,495.0
24,1753825.0,0.0,3126.216504158633,17389.22328501021,14263.006780851574,130.0,153.5,False,286.0
15,1555812.5,0.0,164812.82508940742,146.42734506024092,-164666.39774434717,53.0,53.5,False,192.5
25,1445400.0,0.0,8598.722237012935,17042.787299362368,8444.065062349433,275.0,323.5,False,300.0
23,1088612.5,0.0,24731.305264001454,25288.95544350528,557.6501795038275,236.0,236.5,False,217.5
33,1050287.5,0.0,17421.83957559614,2081.1261843317748,-15340.713391264364,219.0,219.0,True,239.5
17,1043900.0,0.0,33200.799869513714,1181.4592293935814,-32019.340640120132,105.0,197.0,False,231.0
26,948087.5,0.0,10804.222784216805,9411.84641224505,-1392.3763719717554,215.0,297.0,False,168.0
18,847712.5,0.0,22054.166221679476,6269.332114504985,-15784.83410717449,205.0,205.5,False,146.0
16,842237.5,0.0,4928.895633743277,27350.87218772249,22421.976553979213,236.0,236.0,True,217.5
11,732737.5,0.0,16409.421491843965,1604.659314498955,-14804.76217734501,335.0,337.0,False,127.0
31,719962.5,0.0,0.0,0.0,0.0,86.0,180.0,False,192.5
36,698975.0,0.0,1866.4936276589751,0.0,-1866.4936276589751,200.0,266.0,False,135.0
41,662475.0,0.0,3289.305373747347,0.0,-3289.305373747347,200.0,217.5,False,135.0
21,584912.5,0.0,20499.74978453029,3795.692879578175,-16704.056904952115,185.0,228.5,False,102.0
46,583087.5,0.0,0.0,5286.710749805517,5286.710749805517,321.0,378.5,False,99.5
22,566662.5,0.0,2825.063545110383,22538.62087503789,19713.557329927506,195.0,200.0,False,124.0
10,543850.0,0.0,3556.1952398494914,38604.33027586021,35048.13503601072,195.0,291.0,False,124.0
14,511912.5,0.0,25550.749582238645,646.060815946617,-24904.688766292027,193.0,193.0,True,179.0
6,500050.0,0.0,0.0,0.0,0.0,45.0,81.0,False,99.0
45,496456.3775014572,0.0,7671.554902454472,12.694639999998486,-7658.860262454473,180.0,276.0,False,91.0
40,449862.5,0.0,2507.079071476966,2541.314052283724,34.2349808067579,215.0,265.0,False,168.0
29,444387.5,0.0,6574.744994117965,6081.018843525608,-493.72615059235704,195.0,240.5,False,124.0
34,414275.0,0.0,8878.659376060685,17965.24562093007,9086.586244869384,316.0,318.0,False,88.5
28,365912.5,0.0,0.0,1573.5777093088673,1573.5777093088673,180.0,263.0,False,91.0
9,340362.5,0.0,287.63451702227337,8863.316335207304,8575.68181818503,175.0,289.0,False,80.0
39,339450.0,0.0,5753.853050831109,1071.608016300426,-4682.2450345306825,175.0,177.5,False,80.0
30,323025.0,0.0,5981.410412811998,8219.458271030064,2238.047858218066,315.0,375.5,False,83.0
44,304775.0,0.0,1939.6240324338796,13674.683980156848,11735.059947722968,315.0,362.0,False,83.0
4,284700.0,0.0,264.575664164113,10057.920025508052,9793.34436134394,310.0,370.5,False,72.0
43,253675.0,0.0,9624.237253561572,3922.0265886776665,-5702.210664883905,160.0,236.5,False,47.0
53,245462.5,0.0,1017.3928450045049,5797.073835142192,4779.680990137687,170.0,293.5,False,69.0
54,240900.0,0.0,4045.2995672451207,3753.857347295643,-291.4422199494775,175.0,330.5,False,80.0
47,214437.5,0.0,5286.710749805517,0.0,-5286.710749805517,40.0,78.0,False,88.0
49,209875.0,0.0,0.0,0.0,0.0,166.0,253.5,False,63.5
5,204400.0,0.0,0.0,0.0,0.0,26.0,145.0,False,60.5
52,187062.5,0.0,7341.749432222696,1333.0146851164013,-6008.734747106295,160.0,180.5,False,47.0
55,183412.5,0.0,3753.857347295643,4045.2995672451207,291.4422199494775,160.0,258.5,False,47.0
38,166075.0,0.0,1644.7132769120979,193.30748763649785,-1451.4057892756,160.0,346.0,False,47.0
1,132312.5,0.0,1856.0625672759097,1000.3201261142151,-855.7424411616946,25.0,40.5,False,55.0
8,129575.0,0.0,712.6856090919417,61886.19985527748,61173.51424618554,154.0,154.0,True,47.0
51,123187.5,0.0,1052.036864393453,958.3145576642838,-93.72230672916919,15.0,22.5,False,33.0
37,120450.0,0.0,0.0,0.0,0.0,160.0,379.0,False,47.0
27,111325.0,0.0,7372.149502411257,8563.956701060684,1191.807198649427,15.0,42.5,False,33.0
48,104025.0,0.0,1343.88888331679,5991.898937040714,4648.010053723924,20.0,106.0,False,44.0
13,103112.5,0.0,488.3660414956482,44922.17525785018,44433.80921635453,155.0,311.5,False,36.0
56,99462.5,0.0,0.0,0.0,0.0,20.0,62.0,False,44.0
50,87600.0,0.0,2356.026394488355,5304.813437801543,2948.787043313188,150.0,184.0,False,25.0
7,52012.5,0.0,421.14040284104425,55528.83041842781,55107.69001558676,15.0,40.5,False,33.0
19,48362.50000000001,0.0,56.3189425958887,107.39339194155939,51.074449345670686,10.0,137.0,False,22.0
12,45625.0,0.0,107.39339194155939,56.3189425958887,-51.074449345670686,10.0,264.5,False,22.0
42,41062.5,0.0,0.0,3604.008048747347,3604.008048747347,31.0,98.5,False,71.5
2,8212.5,0.0,1671.183600437523,98.65710642384116,-1572.5264940136817,5.0,246.0,False,11.0
0,0.0,0.0,0.0,0.0,0.0,0.0,248.5,False,0.0
3,0.0,0.0,0.0,0.0,0.0,0.0,261.5,False,0.0
20,0.0,0.0,0.0,0.0,0.0,0.0,141.5,False,0.0
35,0.0,0.0,0.0,0.0,0.0,0.0,134.5,False,0.0
