Month,TimeIndex,G_kWh_day,R_kWh_day,W_kWh_day,ThetaType_master_SEK,TypeAssignmentCost_reconstructed_SEK
January,1,0.0,0.0,0.0,0.0,0.0
January,2,1.002375122423004,1.002375122423004,1.002375122423004,0.0,0.0
January,3,4.537846938930301,4.537846938930301,4.537846938930301,0.0,11.714895811995866
January,4,4.356889244334958,4.356889244334958,4.356889244334958,0.0,0.0
January,5,0.0,0.0,0.0,0.0,0.0
January,6,0.0,0.0,0.0,0.0,0.0
January,7,0.0,0.0,0.0,0.0,0.0
January,8,0.0,0.0,0.0,0.0,0.0
January,9,0.0,0.0,0.0,0.0,0.0
January,10,0.0,0.0,0.0,0.0,0.0
January,11,0.0,0.0,0.0,0.0,0.0
January,12,0.0,0.0,0.0,0.0,0.0
January,13,0.0,0.0,0.0,0.0,0.0
January,14,8.028540684501877,8.028540684501877,8.028540684501877,0.0,0.0
January,15,9.252288883145404,9.252288883145404,9.252288883145404,0.0,0.0
January,16,45.99260217175943,45.99260217175943,45.99260217175943,0.0,0.0
January,17,156.40407922474066,156.40407922474066,156.40407922474063,0.0,0.0
January,18,97.64620894172015,97.64620894172015,97.64620894172015,0.0,0.0
January,19,83.97652721709656,83.97652721709657,83.97652721709656,0.0,0.0
January,20,19.271102189432725,19.271102189432725,19.271102189432725,0.0,291.4166834125216
January,21,0.0,0.0,0.0,0.0,0.0
January,22,0.0,0.0,0.0,0.0,0.0
January,23,63.48652392231323,63.48652392231323,63.48652392231214,0.0,128.40648842185473
January,24,44.46733519383893,44.46733519383893,44.46733519383893,0.0,0.0
January,25,4.992745839386453,4.992745839386453,4.992745839386453,0.0,0.0
January,26,16.58030583823344,16.58030583823344,16.58030583823344,0.0,0.0
January,27,34.671162011782826,34.671162011782826,34.671162011782826,0.0,0.0
January,28,95.98769530847021,95.98769530847021,95.98769530847021,0.0,0.0
January,29,20.601529342524373,20.601529342524373,20.601529342524373,0.0,0.0
January,30,26.10447417302919,26.10447417302919,26.10447417302919,0.0,0.0
January,31,33.89979984587933,33.89979984587933,33.89979984587933,0.0,0.0
January,32,0.0,0.0,0.0,0.0,0.0
January,33,36.82508125462191,36.82508125462191,36.82508125462191,0.0,0.0
January,34,30.60604223426865,30.60604223426865,30.60604223426865,0.0,0.0
January,35,35.57478564949901,35.57478564949901,35.57478564949901,0.0,0.0
January,36,15.095364459885062,15.095364459885062,15.095364459885062,0.0,0.0
January,37,0.0,0.0,0.0,0.0,0.0
January,38,0.6994932056427352,0.6994932056427352,0.6994932056427352,0.0,0.0
January,39,2.0740279286661547,2.0740279286661547,2.0740279286661547,0.0,0.0
January,40,0.0,0.0,0.0,0.0,0.0
January,41,0.0,0.0,0.0,0.0,0.0
January,42,0.0,0.0,0.0,0.0,0.0
January,43,0.0,0.0,0.0,0.0,0.0
January,44,0.0,0.0,0.0,0.0,0.0
January,45,0.0,0.0,0.0,0.0,0.0
January,46,0.0,0.0,0.0,0.0,0.0
January,47,0.0,0.0,0.0,0.0,0.0
January,48,0.0,0.0,0.0,0.0,0.0
February,1,0.0,0.0,0.0,0.0,0.0
February,2,1.002375122423004,1.002375122423004,1.002375122423004,0.0,0.0
February,3,4.537846938930301,4.537846938930301,4.537846938930301,0.0,0.0
February,4,4.3568892443349725,4.3568892443349725,4.3568892443349725,0.0,0.0
February,5,0.0,0.0,0.0,0.0,0.0
February,6,0.0,0.0,0.0,0.0,0.0
February,7,0.0,0.0,0.0,0.0,0.0
February,8,0.0,0.0,0.0,0.0,0.0
February,9,0.0,0.0,0.0,0.0,0.0
February,10,0.0,0.0,0.0,0.0,0.0
February,11,0.0,0.0,0.0,0.0,0.0
February,12,0.0,0.0,0.0,0.0,0.0
February,13,0.0,0.0,0.0,0.0,0.0
February,14,8.028540684501962,8.028540684501962,8.028540684501962,0.0,0.0
February,15,9.252288883145738,9.252288883145738,9.252288883145738,0.0,0.0
February,16,45.99260217175991,45.99260217175991,45.99260217175991,0.0,0.0
February,17,156.74430980894917,156.74430980894917,156.74430980894914,0.0,0.0
February,18,98.96342584915548,98.96342584915548,98.96342584915548,0.0,0.0
February,19,83.9765272170964,83.9765272170964,83.9765272170964,0.0,0.0
February,20,19.271102189432725,19.271102189432725,19.271102189432725,0.0,0.0
February,21,0.0,0.0,0.0,0.0,0.0
February,22,0.0,0.0,0.0,0.0,0.0
February,23,63.48652392231323,63.48652392231323,63.48652392231323,0.0,115.98005405844943
February,24,44.9207151938392,44.9207151938392,44.9207151938392,0.0,0.0
February,25,9.237811781206434,9.237811781206434,9.237811781206434,0.0,0.0
February,26,16.58030583823344,16.58030583823344,16.58030583823344,0.0,0.0
February,27,34.671162011782826,34.671162011782826,34.671162011782826,0.0,0.0
February,28,96.34566836920976,96.34566836920976,96.34566836920976,0.0,0.0
February,29,27.038280146095687,27.038280146095687,27.038280146095687,0.0,0.0
February,30,32.5412249766005,32.5412249766005,32.5412249766005,0.0,0.0
February,31,33.899799845879336,33.899799845879336,33.899799845879336,0.0,0.0
February,32,0.0,0.0,0.0,0.0,0.0
February,33,36.82508125462198,36.82508125462198,36.82508125462198,0.0,0.0
February,34,30.60604223426865,30.60604223426865,30.60604223426865,0.0,0.0
February,35,35.574785649499,35.574785649499,35.574785649499,0.0,0.0
February,36,15.095364459885062,15.095364459885062,15.095364459885062,0.0,0.0
February,37,0.0,0.0,0.0,0.0,0.0
February,38,0.6994932056427352,0.6994932056427352,0.6994932056427352,0.0,0.0
February,39,2.0740279286661547,2.0740279286661547,2.0740279286661547,0.0,0.0
February,40,0.0,0.0,0.0,0.0,0.0
February,41,0.0,0.0,0.0,0.0,0.0
February,42,0.0,0.0,0.0,0.0,0.0
February,43,0.0,0.0,0.0,0.0,0.0
February,44,0.0,0.0,0.0,0.0,0.0
February,45,0.0,0.0,0.0,0.0,0.0
February,46,0.0,0.0,0.0,0.0,0.0
February,47,0.0,0.0,0.0,0.0,0.0
February,48,0.0,0.0,0.0,0.0,0.0
March,1,0.0,0.0,0.0,0.0,0.0
March,2,1.002375122423004,1.002375122423004,1.002375122423004,0.0,0.0
March,3,4.5378469389302865,4.5378469389302865,4.5378469389302865,0.0,0.0
March,4,4.356889244334958,4.356889244334958,4.356889244334958,0.0,0.0
March,5,0.0,0.0,0.0,0.0,0.0
March,6,0.0,0.0,0.0,0.0,0.0
March,7,0.0,0.0,0.0,0.0,0.0
March,8,0.0,0.0,0.0,0.0,0.0
March,9,0.0,0.0,0.0,0.0,0.0
March,10,0.0,0.0,0.0,0.0,0.0
March,11,0.0,0.0,0.0,0.0,0.0
March,12,0.0,0.0,0.0,0.0,0.0
March,13,0.0,0.0,0.0,0.0,0.0
March,14,8.028540684501884,8.028540684501884,8.028540684501884,0.0,0.0
March,15,10.653368214241638,10.653368214241638,10.653368214241638,0.0,0.0
March,16,46.27887072014711,46.27887072014711,46.27887072014711,0.0,115.9108266879124
March,17,157.66542149894062,157.66542149894062,157.6654214989406,0.0,0.0
March,18,99.47910488141336,99.47910488141355,99.47910488141336,0.0,0.0
March,19,84.33651891913084,84.33651891913112,84.33651891913084,0.0,0.0
March,20,25.13554479622534,25.13554479622534,25.13554479622534,0.0,0.0
March,21,6.4827403515031685,6.4827403515031685,6.4827403515031685,0.0,0.0
March,22,2.682249941915325,2.682249941915325,2.682249941915325,0.0,0.0
March,23,63.586523922313226,63.58652392231323,63.586523922313226,0.0,0.0
March,24,44.68063829681158,44.68063829681158,44.68063829681158,0.0,0.0
March,25,12.867692049063656,12.867692049063656,12.867692049063656,0.0,0.0
March,26,17.838353918686167,17.838353918686167,17.838353918686167,0.0,0.0
March,27,34.671162011782826,34.671162011782826,34.671162011782826,0.0,0.0
March,28,95.98769530847017,95.98769530847015,95.98769530847017,0.0,0.0
March,29,27.800658778008128,27.800658778008128,27.800658778008128,0.0,0.0
March,30,33.615522560125775,33.615522560125775,33.615522560125775,0.0,0.0
March,31,35.78786398664047,35.78786398664047,35.78786398664047,0.0,0.0
March,32,0.0,0.0,0.0,0.0,0.0
March,33,36.82508125462197,36.82508125462197,36.82508125462197,0.0,0.0
March,34,32.854284780796114,32.854284780796114,32.854284780796114,0.0,0.0
March,35,35.574785649499,35.574785649499,35.574785649499,0.0,0.0
March,36,20.0,20.0,20.0,0.0,0.0
March,37,2.5,2.5,2.5,0.0,0.0
March,38,1.0576889802427878,1.0576889802427871,1.0576889802427878,0.0,0.0
March,39,2.0740279286661547,2.0740279286661547,2.0740279286661547,0.0,0.0
March,40,0.0,0.0,0.0,0.0,0.0
March,41,0.0,0.0,0.0,0.0,0.0
March,42,0.0,0.0,0.0,0.0,0.0
March,43,0.0,0.0,0.0,0.0,0.0
March,44,0.0,0.0,0.0,0.0,0.0
March,45,0.0,0.0,0.0,0.0,0.0
March,46,0.0,0.0,0.0,0.0,0.0
March,47,0.0,0.0,0.0,0.0,0.0
March,48,0.0,0.0,0.0,0.0,0.0
April,1,0.0,0.0,0.0,0.0,0.0
April,2,1.002375122423004,1.002375122423004,1.002375122423004,0.0,0.0
April,3,4.5378469389302865,4.5378469389302865,4.5378469389302865,0.0,0.0
April,4,4.3568892443349725,4.3568892443349725,4.3568892443349725,0.0,0.0
April,5,0.0,0.0,0.0,0.0,0.0
April,6,0.0,0.0,0.0,0.0,0.0
April,7,0.0,0.0,0.0,0.0,0.0
April,8,0.0,0.0,0.0,0.0,0.0
April,9,0.0,0.0,0.0,0.0,0.0
April,10,0.0,0.0,0.0,0.0,0.0
April,11,0.9929400000000003,0.9929400000000003,0.9929400000000003,0.0,0.0
April,12,0.0,0.0,0.0,0.0,0.0
April,13,13.572185432761833,13.572185432761833,13.572185432761833,0.0,0.0
April,14,8.028540684501884,8.028540684501884,8.028540684501884,0.0,0.0
April,15,16.265814396484345,16.265814396484345,16.26581439648435,0.0,0.0
April,16,53.227491858238366,53.227491858238366,53.227491858238366,0.0,0.0
April,17,164.53129642445742,164.53129642445742,164.53129642445742,0.0,37.60073766546579
April,18,127.7019135460736,127.7019135460736,127.7019135460736,0.0,10.952010589643141
April,19,114.37170242853685,114.37170242853685,114.37170242853685,0.0,0.0
April,20,65.72474174445792,65.72474174445792,65.72474174445792,0.0,0.0
April,21,64.16625436214605,64.16625436214605,64.16625436214605,0.0,0.0
April,22,52.77760702455208,52.77760702455208,52.77760702455208,0.0,0.0
April,23,96.93162257088315,96.93162257088315,96.93162257088315,0.0,0.0
April,24,76.30563540348555,76.30563540348555,76.30563540348555,0.0,0.0
April,25,57.765966767256856,57.765966767256856,57.765966767256856,0.0,0.0
April,26,71.60631515953472,71.60631515953472,71.60631515953472,0.0,0.0
April,27,83.41440155406008,83.41440155406008,83.41440155406008,0.0,0.0
April,28,134.31045878091243,134.31045878091237,134.31045878091243,0.0,0.0
April,29,116.4873773238362,116.48737732383618,116.4873773238362,0.0,0.0
April,30,82.50957870903044,82.50957870903044,82.50957870903045,0.0,0.0
April,31,93.47026782263731,93.47026782263754,93.47026782263735,0.0,0.0
April,32,29.22846793916759,29.228467939167587,29.228467939167587,0.0,0.0
April,33,48.141427732467164,48.141427732467164,48.141427732467164,0.0,0.0
April,34,54.057484371809984,54.057484371809984,54.057484371809956,0.0,0.0
April,35,40.20052471345735,40.20052471345735,40.20052471345735,0.0,0.0
April,36,19.68216162655173,19.68216162655172,19.68216162655173,0.0,0.0
April,37,6.424646132858334,6.424646132858328,6.424646132858334,0.0,0.0
April,38,10.755377705642964,10.755377705642967,10.755377705642966,0.0,0.0
April,39,2.0740279286661547,2.0740279286661547,2.0740279286661547,0.0,0.0
April,40,0.0,0.0,0.0,0.0,0.0
April,41,0.0,0.0,0.0,0.0,0.0
April,42,0.0,0.0,0.0,0.0,0.0
April,43,0.0,0.0,0.0,0.0,0.0
April,44,0.0,0.0,0.0,0.0,0.0
April,45,0.0,0.0,0.0,0.0,0.0
April,46,0.0,0.0,0.0,0.0,0.0
April,47,0.0,0.0,0.0,0.0,0.0
April,48,0.0,0.0,0.0,0.0,0.0
May,1,0.0,0.0,0.0,0.0,0.0
May,2,1.002375122423004,1.002375122423004,1.002375122423004,0.0,0.0
May,3,4.5378469389302865,4.5378469389302865,4.5378469389302865,0.0,0.0
May,4,4.3568892443349725,4.3568892443349725,4.3568892443349725,0.0,0.0
May,5,0.0,0.0,0.0,0.0,0.0
May,6,0.0,0.0,0.0,0.0,0.0
May,7,0.0,0.0,0.0,0.0,0.0
May,8,0.0,0.0,0.0,0.0,0.0
May,9,0.0,0.0,0.0,0.0,0.0
May,10,0.0,0.0,0.0,0.0,0.0
May,11,3.6688463709677426,3.6688463709677426,3.6688463709677426,0.0,0.0
May,12,0.3679162037719479,0.3679162037719479,0.3679162037719479,0.0,0.0
May,13,8.240057029212423,8.240057029212423,8.240057029212423,0.0,0.0
May,14,8.028540684501884,8.028540684501884,8.028540684501884,0.0,0.0
May,15,46.20496369099932,46.20496369099932,46.20496369099933,0.0,0.0
May,16,91.78374808372527,91.78374808372527,91.78374808372527,0.0,20.738831899130375
May,17,189.7619782515472,189.76197825154722,189.76197825154722,0.0,0.0
May,18,158.04459870755517,158.04459870755517,158.04459870755517,0.0,0.0
May,19,161.66322802230238,161.6632280223033,161.663228022303,0.0,0.0
May,20,101.79999853209887,101.79999853209885,101.79999853209888,0.0,0.0
May,21,95.57432634613842,95.57432634613842,95.57432634613842,0.0,0.0
May,22,92.7013049354607,92.7013049354607,92.7013049354607,0.0,0.0
May,23,76.56157162212241,76.56157162212244,76.56157162212241,0.0,0.0
May,24,62.25929470885754,62.25929470885754,62.25929470885754,0.0,0.0
May,25,45.45511664451337,45.45511664451337,45.45511664451337,0.0,0.0
May,26,51.136748404453165,51.136748404453165,51.136748404453165,0.0,0.0
May,27,54.157477670981635,54.157477670981635,54.157477670981635,0.0,0.0
May,28,120.89386383721894,120.89386383721894,120.89386383721894,0.0,0.0
May,29,86.86249842868494,86.86249842868494,86.86249842868494,0.0,0.0
May,30,66.71002761167934,66.71002761167934,66.71002761167934,0.0,0.0
May,31,87.52822474729146,87.52822474729146,87.52822474729146,0.0,0.0
May,32,45.192729409067674,45.19272940906768,45.19272940906768,0.0,0.0
May,33,63.07480746675161,63.07480746675161,63.07480746675161,0.0,0.0
May,34,77.27420594264521,77.27420594264521,77.2742059426452,0.0,0.0
May,35,48.97072876973081,48.970728769730826,48.97072876973081,0.0,0.0
May,36,31.71052036884463,31.71052036884463,31.71052036884463,0.0,0.0
May,37,13.579497032476677,13.579497032476684,13.579497032476677,0.0,0.0
May,38,13.197002883062408,13.197002883062408,13.197002883062408,0.0,0.0
May,39,2.0740279286661547,2.0740279286661547,2.0740279286661547,0.0,0.0
May,40,0.0,0.0,0.0,0.0,0.0
May,41,0.0,0.0,0.0,0.0,0.0
May,42,0.0,0.0,0.0,0.0,0.0
May,43,0.0,0.0,0.0,0.0,0.0
May,44,0.0,0.0,0.0,0.0,0.0
May,45,0.0,0.0,0.0,0.0,0.0
May,46,0.0,0.0,0.0,0.0,0.0
May,47,0.0,0.0,0.0,0.0,0.0
May,48,0.0,0.0,0.0,0.0,0.0
June,1,0.0,0.0,0.0,0.0,0.0
June,2,1.002375122423004,1.002375122423004,1.002375122423004,0.0,0.0
June,3,4.537846938930301,4.537846938930301,4.537846938930301,0.0,0.0
June,4,4.3568892443349725,4.3568892443349725,4.3568892443349725,0.0,0.0
June,5,0.0,0.0,0.0,0.0,0.0
June,6,0.0,0.0,0.0,0.0,0.0
June,7,0.8630021666666667,0.8630021666666666,0.8630021666666667,0.0,0.0
June,8,0.8247296691496162,0.8247296691496162,0.8247296691496162,0.0,0.0
June,9,3.8634620021189257,3.8634620021189257,3.8634620021189257,0.0,0.0
June,10,6.053557250002654,6.053557250002654,6.053557250002654,0.0,0.0
June,11,14.44733881986566,14.44733881986566,14.44733881986566,0.0,0.0
June,12,4.286419526352592,4.286419526352592,4.286419526352592,0.0,9.079013290577764
June,13,43.509320743786034,43.509320743786034,43.509320743786034,0.0,0.0
June,14,16.645065662218506,16.645065662218506,16.645065662218506,0.0,0.0
June,15,19.526240131256575,19.526240131256575,19.526240131256575,0.0,0.0
June,16,53.42884405716414,53.42884405716414,53.42884405716296,0.0,220.13621094858115
June,17,177.74649042539312,177.74649042539312,177.74649042539312,0.0,175.9239072246811
June,18,134.0228398642322,134.0228398642322,134.0228398642322,0.0,0.0
June,19,115.14137298259743,115.14137298259743,115.14137298259742,0.0,0.0
June,20,75.83425080512083,75.83425080512083,75.83425080512083,0.0,0.0
June,21,101.83163557806505,101.83163557806505,101.83163557806505,0.0,0.0
June,22,95.59059472641196,95.59059472641196,95.59059472641196,0.0,0.0
June,23,124.74092716258353,124.74092716258353,124.74092716258346,0.0,0.0
June,24,86.39403013412786,86.39403013412786,86.3940301341279,0.0,0.0
June,25,92.5015967696568,92.5015967696568,92.5015967696568,0.0,0.0
June,26,119.44578616646666,119.44578616646666,119.44578616646666,0.0,231.54021715286476
June,27,166.95275326324568,166.95275326324568,166.95275326324568,0.0,0.0
June,28,177.5306037597589,177.5306037597589,177.5306037597589,0.0,0.0
June,29,162.63071845293683,162.63071845293683,162.63071845293683,0.0,0.0
June,30,165.32358014368344,165.32358014368344,165.32358014368344,0.0,0.0
June,31,106.25284350875921,106.25284350875921,106.25284350875921,0.0,0.0
June,32,89.29453417459095,89.29453417459095,89.29453417459095,0.0,0.0
June,33,66.2162149983181,66.2162149983181,66.2162149983181,0.0,260.07920241781903
June,34,68.66819869256426,68.66819869256426,68.66819869256426,0.0,0.0
June,35,48.03333833854312,48.03333833854312,48.03333833854312,0.0,0.0
June,36,26.57103803174624,26.57103803174624,26.57103803174624,0.0,0.0
June,37,2.5072262663474127,2.507226266347402,2.5072262663474127,0.0,0.0
June,38,2.7703557056428245,2.770355705642828,2.7703557056428245,0.0,0.0
June,39,2.0740279286661547,2.0740279286661547,2.0740279286661547,0.0,0.0
June,40,0.0,0.0,0.0,0.0,0.0
June,41,0.0,0.0,0.0,0.0,0.0
June,42,0.0,0.0,0.0,0.0,0.0
June,43,0.0,0.0,0.0,0.0,0.0
June,44,0.0,0.0,0.0,0.0,0.0
June,45,0.0,0.0,0.0,0.0,0.0
June,46,0.0,0.0,0.0,0.0,0.0
June,47,0.0,0.0,0.0,0.0,0.0
June,48,0.0,0.0,0.0,0.0,0.0
July,1,0.0,0.0,0.0,0.0,0.0
July,2,1.002375122423004,1.002375122423004,1.002375122423004,0.0,0.0
July,3,4.5378469389302865,4.5378469389302865,4.5378469389302865,0.0,0.0
July,4,4.3568892443349725,4.3568892443349725,4.3568892443349725,0.0,0.0
July,5,0.0,0.0,0.0,0.0,0.0
July,6,0.0,0.0,0.0,0.0,0.0
July,7,0.0,0.0,0.0,0.0,0.0
July,8,0.0,0.0,0.0,0.0,0.0
July,9,0.0,0.0,0.0,0.0,0.0
July,10,0.0,0.0,0.0,0.0,0.0
July,11,3.290210080645162,3.290210080645162,3.290210080645162,0.0,0.0
July,12,0.0,0.0,0.0,0.0,0.0
July,13,4.045225978084412,4.045225978084412,4.045225978084412,0.0,0.0
July,14,8.028540684501941,8.028540684501941,8.028540684501941,0.0,0.0
July,15,9.252288883145631,9.252288883145631,9.252288883145631,0.0,0.0
July,16,45.99260217175951,45.99260217175951,45.99260217175951,0.0,0.0
July,17,158.00771218286187,158.00771218286187,158.00771218286187,0.0,0.0
July,18,98.1305902667964,98.13059026679663,98.1305902667964,0.0,0.0
July,19,88.37515972402309,88.37515972402309,88.37515972402309,0.0,0.0
July,20,31.280859414595753,31.280859414595753,31.280859414595753,0.0,0.0
July,21,22.086301043353906,22.086301043353906,22.086301043353906,0.0,0.0
July,22,10.512441438360671,10.512441438360671,10.512441438360671,0.0,0.0
July,23,74.09625452534831,74.09625452534831,74.09625452534831,0.0,0.0
July,24,54.43061310929572,54.43061310929572,54.43061310929572,0.0,0.0
July,25,25.674547404012962,25.674547404012962,25.674547404012962,0.0,0.0
July,26,32.18243445089151,32.18243445089151,32.18243445089151,0.0,0.0
July,27,34.77116201178284,34.77116201178284,34.77116201178284,0.0,0.0
July,28,100.93464400293524,100.93464400293524,100.93464400293524,0.0,0.0
July,29,33.325796923169406,33.325796923169406,33.325796923169406,0.0,0.0
July,30,38.82874175367423,38.82874175367423,38.82874175367423,0.0,0.0
July,31,37.55841422857583,37.55841422857583,37.55841422857583,0.0,0.0
July,32,0.6290479349729807,0.6290479349729807,0.6290479349729807,0.0,0.0
July,33,41.361891276585034,41.361891276585034,41.361891276585034,0.0,0.0
July,34,47.04757640965538,47.04757640965538,47.04757640965537,0.0,0.0
July,35,41.1333924015366,41.1333924015366,41.13339240153659,0.0,0.0
July,36,18.65202526633656,18.652025266336565,18.65202526633656,0.0,0.0
July,37,9.562917949332535,9.562917949332535,9.562917949332535,0.0,0.0
July,38,2.6086912701589533,2.6086912701589497,2.6086912701589533,0.0,0.0
July,39,2.0740279286661547,2.0740279286661547,2.0740279286661547,0.0,0.0
July,40,0.0,0.0,0.0,0.0,0.0
July,41,0.0,0.0,0.0,0.0,0.0
July,42,0.0,0.0,0.0,0.0,0.0
July,43,0.0,0.0,0.0,0.0,0.0
July,44,0.0,0.0,0.0,0.0,0.0
July,45,0.0,0.0,0.0,0.0,0.0
July,46,0.0,0.0,0.0,0.0,0.0
July,47,0.0,0.0,0.0,0.0,0.0
July,48,0.0,0.0,0.0,0.0,0.0
August,1,0.0,0.0,0.0,0.0,0.0
August,2,1.002375122423004,1.002375122423004,1.002375122423004,0.0,15.536814397556562
August,3,4.537846938930301,4.537846938930301,4.537846938930301,0.0,0.0
August,4,4.3568892443349725,4.3568892443349725,4.3568892443349725,0.0,0.0
August,5,0.0,0.0,0.0,0.0,0.0
August,6,0.0,0.0,0.0,0.0,0.0
August,7,0.0,0.0,0.0,0.0,0.0
August,8,0.0,0.0,0.0,0.0,0.0
August,9,0.0,0.0,0.0,0.0,0.0
August,10,0.0,0.0,0.0,0.0,0.0
August,11,1.241450806451613,1.241450806451613,1.241450806451613,0.0,0.0
August,12,0.0,0.0,0.0,0.0,0.0
August,13,0.0,0.0,0.0,0.0,0.0
August,14,8.028540684501964,8.028540684501964,8.028540684501962,0.0,0.0
August,15,9.252288883145749,9.252288883145749,9.252288883145749,0.0,0.0
August,16,45.99260217176,45.99260217176,45.99260217176,0.0,0.0
August,17,156.40407922474083,156.40407922474083,156.4040792247408,0.0,0.0
August,18,97.6462089417202,97.6462089417202,97.6462089417202,0.0,0.0
August,19,83.97652721709662,83.97652721709665,83.97652721709662,0.0,0.0
August,20,20.84260394740238,20.84260394740238,20.84260394740238,0.0,0.0
August,21,6.471938301418293,6.471938301418293,6.471938301418293,0.0,0.0
August,22,6.370282538518881,6.370282538518881,6.370282538518881,0.0,0.0
August,23,67.59958917655632,67.59958917655632,67.59958917655632,0.0,0.0
August,24,51.27701359316674,51.27701359316674,51.27701359316674,0.0,0.0
August,25,23.427442295420256,23.427442295420256,23.427442295420256,0.0,0.0
August,26,23.973240934815166,23.973240934815166,23.973240934815166,0.0,0.0
August,27,34.67116201178284,34.67116201178284,34.67116201178284,0.0,0.0
August,28,97.64848900293525,97.64848900293525,97.64848900293525,0.0,0.0
August,29,31.847913536072532,31.847913536072532,31.847913536072532,0.0,0.0
August,30,45.27510239883534,45.27510239883534,45.27510239883534,0.0,0.0
August,31,39.76835617254627,39.76835617254627,39.76835617254627,0.0,0.0
August,32,0.7290479349729807,0.7290479349729807,0.7290479349729807,0.0,0.0
August,33,36.825081254621885,36.825081254621885,36.825081254621885,0.0,27.935379336505463
August,34,42.04838456981971,42.0483845698197,42.0483845698197,0.0,0.0
August,35,37.7369425387377,37.7369425387377,37.736942538737694,0.0,0.0
August,36,21.399132661290324,21.399132661290324,21.399132661290324,0.0,0.0
August,37,0.0,0.0,0.0,0.0,0.0
August,38,0.6994932056427352,0.6994932056427352,0.6994932056427352,0.0,0.0
August,39,2.0740279286661547,2.0740279286661547,2.0740279286661547,0.0,0.0
August,40,0.0,0.0,0.0,0.0,0.0
August,41,0.0,0.0,0.0,0.0,0.0
August,42,0.0,0.0,0.0,0.0,0.0
August,43,0.0,0.0,0.0,0.0,0.0
August,44,0.0,0.0,0.0,0.0,0.0
August,45,0.0,0.0,0.0,0.0,0.0
August,46,0.0,0.0,0.0,0.0,0.0
August,47,0.0,0.0,0.0,0.0,0.0
August,48,0.0,0.0,0.0,0.0,0.0
September,1,0.0,0.0,0.0,0.0,0.0
September,2,1.002375122423004,1.002375122423004,1.002375122423004,0.0,0.0
September,3,4.537846938930301,4.537846938930301,4.537846938930301,0.0,0.0
September,4,4.3568892443349725,4.3568892443349725,4.3568892443349725,0.0,0.0
September,5,0.0,0.0,0.0,0.0,0.0
September,6,0.0,0.0,0.0,0.0,0.0
September,7,0.0,0.0,0.0,0.0,0.0
September,8,0.0,0.0,0.0,0.0,0.0
September,9,0.0,0.0,0.0,0.0,0.0
September,10,0.0,0.0,0.0,0.0,0.0
September,11,0.13487625000000003,0.13487625000000003,0.13487625000000003,0.0,0.0
September,12,0.0,0.0,0.0,0.0,0.0
September,13,0.0,0.0,0.0,0.0,0.0
September,14,8.028540684501884,8.028540684501884,8.028540684501884,0.0,0.0
September,15,10.664199692736569,10.664199692736569,10.664199692736569,0.0,0.0
September,16,45.992602171759486,45.992602171759486,45.992602171759486,0.0,0.0
September,17,161.6369699502624,161.6369699502624,161.63696995026243,0.0,132.83066160410078
September,18,105.08774379206305,105.08774379206305,105.08774379206305,0.0,1307.5143227638969
September,19,88.38311760643825,88.38311760643828,88.38311760643825,0.0,441.0988558401241
September,20,23.855621231709257,23.855621231709257,23.855621231709257,0.0,0.0
September,21,10.091974333676367,10.091974333676367,10.091974333676367,0.0,0.0
September,22,7.664401699809199,7.664401699809199,7.664401699809199,0.0,0.0
September,23,73.52577111246083,73.52577111246083,73.52577111246083,0.0,0.0
September,24,52.02609470607026,52.02609470607026,52.02609470607026,0.0,0.0
September,25,23.98332966435961,23.98332966435961,23.98332966435961,0.0,1.5
September,26,31.47339299084644,31.47339299084644,31.47339299084644,0.0,0.0
September,27,36.283964866009505,36.283964866009505,36.283964866009505,0.0,0.0
September,28,102.39120635791296,102.39120635791299,102.39120635791299,0.0,0.0
September,29,31.000670342524202,31.000670342524202,31.000670342524202,0.0,0.0
September,30,43.214630006362164,43.214630006362164,43.214630006362164,0.0,0.0
September,31,33.89979984587933,33.89979984587933,33.89979984587933,0.0,0.0
September,32,0.0,0.0,0.0,0.0,0.0
September,33,36.825081254621985,36.825081254621985,36.825081254621985,0.0,58.43586798030585
September,34,30.606042234268674,30.606042234268674,30.606042234268674,0.0,28.55569540591567
September,35,35.57478564949901,35.57478564949901,35.57478564949901,0.0,0.0
September,36,15.095364459885062,15.095364459885062,15.095364459885063,0.0,0.0
September,37,0.0,0.0,0.0,0.0,0.0
September,38,0.6994932056427352,0.6994932056427352,0.6994932056427352,0.0,0.0
September,39,2.0740279286661547,2.0740279286661547,2.0740279286661547,0.0,0.0
September,40,0.0,0.0,0.0,0.0,0.0
September,41,0.0,0.0,0.0,0.0,0.0
September,42,0.0,0.0,0.0,0.0,0.0
September,43,0.0,0.0,0.0,0.0,0.0
September,44,0.0,0.0,0.0,0.0,0.0
September,45,0.0,0.0,0.0,0.0,0.0
September,46,0.0,0.0,0.0,0.0,0.0
September,47,0.0,0.0,0.0,0.0,0.0
September,48,0.0,0.0,0.0,0.0,0.0
October,1,0.0,0.0,0.0,0.0,0.0
October,2,1.002375122423004,1.002375122423004,1.002375122423004,0.0,0.0
October,3,4.537846938930301,4.537846938930301,4.537846938930301,0.0,0.0
October,4,4.3568892443349725,4.3568892443349725,4.3568892443349725,0.0,0.0
October,5,0.0,0.0,0.0,0.0,0.0
October,6,0.0,0.0,0.0,0.0,0.0
October,7,0.0,0.0,0.0,0.0,0.0
October,8,0.0,0.0,0.0,0.0,0.0
October,9,0.0,0.0,0.0,0.0,0.0
October,10,0.0,0.0,0.0,0.0,0.0
October,11,0.0,0.0,0.0,0.0,0.0
October,12,0.0,0.0,0.0,0.0,0.0
October,13,0.0,0.0,0.0,0.0,0.0
October,14,8.028540684501941,8.028540684501941,8.028540684501941,0.0,0.0
October,15,9.252288883145738,9.252288883145738,9.252288883145738,0.0,0.0
October,16,45.992602171759835,45.992602171759835,45.992602171759835,0.0,0.0
October,17,156.4040792247349,156.40407922473491,156.4040792247349,0.0,0.0
October,18,97.64620894172015,97.64620894172015,97.64620894172015,0.0,120.10403806404707
October,19,83.97652721709662,83.97652721709665,83.97652721709662,0.0,0.0
October,20,19.271102189432725,19.271102189432725,19.271102189432725,0.0,0.0
October,21,0.0,0.0,0.0,0.0,0.0
October,22,0.0,0.0,0.0,0.0,0.0
October,23,63.48652392231323,63.48652392231323,63.48652392231214,0.0,0.0
October,24,44.46733519383911,44.46733519383911,44.46733519383911,0.0,22.280700510487318
October,25,8.163716403902463,8.163716403902463,8.163716403902463,0.0,0.0
October,26,16.580305838233436,16.580305838233436,16.580305838233436,0.0,0.0
October,27,34.671162011782826,34.671162011782826,34.671162011782826,0.0,0.0
October,28,95.98769530847021,95.98769530847021,95.98769530847021,0.0,0.0
October,29,23.520003697362966,23.520003697362966,23.520003697362966,0.0,0.0
October,30,29.0229485278679,29.022948527867896,29.0229485278679,0.0,0.0
October,31,33.89979984587933,33.89979984587933,33.89979984587933,0.0,0.0
October,32,0.0,0.0,0.0,0.0,0.0
October,33,36.825081254621985,36.825081254621985,36.825081254621985,0.0,370.4821502714641
October,34,30.60604223426865,30.60604223426865,30.60604223426865,0.0,0.0
October,35,35.574785649499,35.574785649500114,35.574785649499,0.0,0.0
October,36,15.095364459885062,15.095364459885062,15.095364459885062,0.0,0.0
October,37,0.0,0.0,0.0,0.0,0.0
October,38,0.6994932056427352,0.6994932056427352,0.6994932056427352,0.0,0.0
October,39,2.0740279286661547,2.0740279286661547,2.0740279286661547,0.0,0.0
October,40,0.0,0.0,0.0,0.0,0.0
October,41,0.0,0.0,0.0,0.0,0.0
October,42,0.0,0.0,0.0,0.0,0.0
October,43,0.0,0.0,0.0,0.0,0.0
October,44,0.0,0.0,0.0,0.0,0.0
October,45,0.0,0.0,0.0,0.0,0.0
October,46,0.0,0.0,0.0,0.0,0.0
October,47,0.0,0.0,0.0,0.0,0.0
October,48,0.0,0.0,0.0,0.0,0.0
November,1,0.0,0.0,0.0,0.0,0.0
November,2,1.002375122423004,1.002375122423004,1.002375122423004,0.0,0.0
November,3,4.537846938930301,4.537846938930301,4.537846938930301,0.0,0.0
November,4,4.3568892443349725,4.3568892443349725,4.3568892443349725,0.0,0.0
November,5,0.0,0.0,0.0,0.0,0.0
November,6,0.0,0.0,0.0,0.0,0.0
November,7,0.0,0.0,0.0,0.0,0.0
November,8,0.0,0.0,0.0,0.0,0.0
November,9,0.0,0.0,0.0,0.0,0.0
November,10,0.0,0.0,0.0,0.0,0.0
November,11,0.0,0.0,0.0,0.0,0.0
November,12,0.0,0.0,0.0,0.0,0.0
November,13,0.0,0.0,0.0,0.0,0.0
November,14,8.028540684501884,8.028540684501884,8.028540684501884,0.0,0.0
November,15,9.25228888314576,9.25228888314576,9.25228888314576,0.0,0.0
November,16,45.99260217175984,45.99260217175984,45.99260217175866,0.0,0.0
November,17,156.40407922474202,156.40407922474202,156.40407922474205,0.0,0.0
November,18,97.64620894172015,97.64620894172015,97.64620894172015,0.0,0.0
November,19,83.97652721709665,83.97652721709665,83.97652721709665,0.0,0.0
November,20,19.271102189433066,19.271102189433066,19.271102189433066,0.0,0.0
November,21,0.0,0.0,0.0,0.0,0.0
November,22,0.0,0.0,0.0,0.0,0.0
November,23,63.48652392231323,63.48652392231323,63.48652392231323,0.0,270.86173134029775
November,24,44.46733519383946,44.46733519383946,44.46733519383946,0.0,0.0
November,25,5.040887215730699,5.040887215730699,5.040887215730699,0.0,0.0
November,26,16.58030583823342,16.58030583823342,16.58030583823342,0.0,0.0
November,27,34.671162011782826,34.671162011782826,34.671162011782826,0.0,0.0
November,28,95.98769530847017,95.98769530847017,95.98769530847017,0.0,0.0
November,29,20.601529342524373,20.601529342524373,20.601529342524373,0.0,0.0
November,30,26.10447417302919,26.10447417302919,26.10447417302919,0.0,0.0
November,31,33.89979984587933,33.89979984587933,33.89979984587933,0.0,0.0
November,32,0.0,0.0,0.0,0.0,0.0
November,33,36.825081254621985,36.825081254621985,36.825081254621985,0.0,0.0
November,34,30.606042234268664,30.606042234268664,30.606042234268664,0.0,0.0
November,35,35.57478564949901,35.57478564949901,35.57478564949901,0.0,0.0
November,36,15.095364459885062,15.095364459885062,15.095364459885062,0.0,452.8609337965519
November,37,0.0,0.0,0.0,0.0,0.0
November,38,0.6994932056427352,0.6994932056427352,0.6994932056427352,0.0,0.0
November,39,2.0740279286661547,2.0740279286661547,2.0740279286661547,0.0,0.0
November,40,0.0,0.0,0.0,0.0,0.0
November,41,0.0,0.0,0.0,0.0,0.0
November,42,0.0,0.0,0.0,0.0,0.0
November,43,0.0,0.0,0.0,0.0,0.0
November,44,0.0,0.0,0.0,0.0,0.0
November,45,0.0,0.0,0.0,0.0,0.0
November,46,0.0,0.0,0.0,0.0,0.0
November,47,0.0,0.0,0.0,0.0,0.0
November,48,0.0,0.0,0.0,0.0,0.0
December,1,0.0,0.0,0.0,0.0,0.0
December,2,1.002375122423004,1.002375122423004,1.002375122423004,0.0,0.0
December,3,4.537846938930301,4.537846938930301,4.537846938930301,0.0,0.0
December,4,4.356889244334958,4.356889244334958,4.356889244334958,0.0,0.0
December,5,0.0,0.0,0.0,0.0,0.0
December,6,0.0,0.0,0.0,0.0,0.0
December,7,0.0,0.0,0.0,0.0,0.0
December,8,0.0,0.0,0.0,0.0,0.0
December,9,0.0,0.0,0.0,0.0,0.0
December,10,0.0,0.0,0.0,0.0,0.0
December,11,0.0,0.0,0.0,0.0,0.0
December,12,0.0,0.0,0.0,0.0,0.0
December,13,0.0,0.0,0.0,0.0,0.0
December,14,8.028540684501941,8.028540684501941,8.028540684501941,0.0,0.0
December,15,9.252288883145653,9.252288883145653,9.252288883145653,0.0,0.0
December,16,45.99260217175984,45.99260217175984,45.99260217175867,0.0,0.0
December,17,156.404079224742,156.40407922474202,156.40407922474205,0.0,69.00283661468126
December,18,97.6462089417198,97.64620894172006,97.6462089417198,0.0,0.0
December,19,83.97652721709656,83.97652721709659,83.97652721709656,0.0,775.0
December,20,19.271102189433066,19.271102189433066,19.271102189433066,0.0,0.0
December,21,0.0,0.0,0.0,0.0,0.0
December,22,0.0,0.0,0.0,0.0,0.0
December,23,64.69450392231329,64.69450392231329,64.69450392231218,0.0,0.0
December,24,44.46733519383895,44.46733519383895,44.46733519383895,0.0,0.0
December,25,2.1803093877730033,2.1803093877730033,2.1803093877730033,0.0,0.0
December,26,16.58030583823337,16.58030583823337,16.58030583823337,0.0,0.0
December,27,34.671162011782826,34.671162011782826,34.671162011782826,0.0,0.0
December,28,95.98769530847015,95.98769530847015,95.98769530847015,0.0,0.0
December,29,20.601529342524373,20.601529342524373,20.601529342524373,0.0,0.0
December,30,26.104474173029185,26.104474173029185,26.104474173029185,0.0,0.0
December,31,33.89979984587933,33.89979984587933,33.89979984587933,0.0,0.0
December,32,0.0,0.0,0.0,0.0,0.0
December,33,36.825081254621985,36.825081254621985,36.825081254621985,0.0,0.0
December,34,30.606042234268873,30.606042234268873,30.606042234268873,0.0,0.0
December,35,35.574785649499006,35.574785649499006,35.574785649499006,0.0,0.0
December,36,15.095364459885062,15.095364459885062,15.095364459885062,0.0,0.0
December,37,0.0,0.0,0.0,0.0,0.0
December,38,0.6994932056427352,0.6994932056427352,0.6994932056427352,0.0,0.0
December,39,2.0740279286661547,2.0740279286661547,2.0740279286661547,0.0,0.0
December,40,0.0,0.0,0.0,0.0,0.0
December,41,0.0,0.0,0.0,0.0,0.0
December,42,0.0,0.0,0.0,0.0,0.0
December,43,0.0,0.0,0.0,0.0,0.0
December,44,0.0,0.0,0.0,0.0,0.0
December,45,0.0,0.0,0.0,0.0,0.0
December,46,0.0,0.0,0.0,0.0,0.0
December,47,0.0,0.0,0.0,0.0,0.0
December,48,0.0,0.0,0.0,0.0,0.0
