HexID,slow_chargers,slow_footprint,slow_capacity_kWh_slot,medium_chargers,medium_footprint,medium_capacity_kWh_slot,fast_chargers,fast_footprint,fast_capacity_kWh_slot,PV_panels,Battery_units,Total_charger_footprint,Total_public_capacity_kWh_slot
0,0.0,0.0,0.0,0.0,0.0,0.0,0.0,0.0,0.0,0.0,0.0,0.0,0.0
1,0.0,0.0,0.0,0.0,0.0,0.0,0.0,0.0,0.0,0.0,0.0,0.0,0.0
2,0.0,0.0,0.0,8.0,40.0,88.0,1.0,150.0,25.0,0.0,0.0,190.0,113.0
3,1.0,1.0,5.5,3.0,15.0,33.0,0.0,0.0,0.0,0.0,0.0,16.0,38.5
4,0.0,0.0,0.0,0.0,0.0,0.0,0.0,0.0,0.0,0.0,0.0,0.0,0.0
5,0.0,0.0,0.0,0.0,0.0,0.0,0.0,0.0,0.0,0.0,0.0,0.0,0.0
6,0.0,0.0,0.0,0.0,0.0,0.0,0.0,0.0,0.0,0.0,0.0,0.0,0.0
7,0.0,0.0,0.0,0.0,0.0,0.0,0.0,0.0,0.0,0.0,0.0,0.0,0.0
8,0.0,0.0,0.0,0.0,0.0,0.0,0.0,0.0,0.0,0.0,0.0,0.0,0.0
9,0.0,0.0,0.0,0.0,0.0,0.0,0.0,0.0,0.0,0.0,0.0,0.0,0.0
10,0.0,0.0,0.0,1.0,5.0,11.0,0.0,0.0,0.0,0.0,0.0,5.0,11.0
11,0.0,0.0,0.0,0.0,0.0,0.0,0.0,0.0,0.0,0.0,0.0,0.0,0.0
12,1.0,1.0,5.5,3.0,15.0,33.0,0.0,0.0,0.0,0.0,0.0,16.0,38.5
13,1.0,1.0,5.5,1.0,5.0,11.0,0.0,0.0,0.0,0.0,0.0,6.0,16.5
14,0.0,0.0,0.0,0.0,0.0,0.0,0.0,0.0,0.0,0.0,0.0,0.0,0.0
15,1.0,1.0,5.5,1.0,5.0,11.0,0.0,0.0,0.0,0.0,0.0,6.0,16.5
16,0.0,0.0,0.0,0.0,0.0,0.0,0.0,0.0,0.0,0.0,0.0,0.0,0.0
17,0.0,0.0,0.0,0.0,0.0,0.0,0.0,0.0,0.0,0.0,0.0,0.0,0.0
18,0.0,0.0,0.0,0.0,0.0,0.0,0.0,0.0,0.0,0.0,0.0,0.0,0.0
19,0.0,0.0,0.0,0.0,0.0,0.0,0.0,0.0,0.0,0.0,0.0,0.0,0.0
20,0.0,0.0,0.0,0.0,0.0,0.0,0.0,0.0,0.0,0.0,0.0,0.0,0.0
21,1.0,1.0,5.5,0.0,0.0,0.0,0.0,0.0,0.0,0.0,0.0,1.0,5.5
22,0.0,0.0,0.0,0.0,0.0,0.0,0.0,0.0,0.0,0.0,0.0,0.0,0.0
23,1.0,1.0,5.5,2.0,10.0,22.0,0.0,0.0,0.0,0.0,0.0,11.0,27.5
24,0.0,0.0,0.0,2.0,10.0,22.0,0.0,0.0,0.0,0.0,0.0,10.0,22.0
25,0.0,0.0,0.0,0.0,0.0,0.0,0.0,0.0,0.0,0.0,0.0,0.0,0.0
26,0.0,0.0,0.0,1.0,5.0,11.0,0.0,0.0,0.0,0.0,0.0,5.0,11.0
27,1.0,1.0,5.5,0.0,0.0,0.0,0.0,0.0,0.0,0.0,0.0,1.0,5.5
28,0.0,0.0,0.0,0.0,0.0,0.0,0.0,0.0,0.0,0.0,0.0,0.0,0.0
29,0.0,0.0,0.0,0.0,0.0,0.0,0.0,0.0,0.0,0.0,0.0,0.0,0.0
30,1.0,1.0,5.5,4.0,20.0,44.0,0.0,0.0,0.0,0.0,0.0,21.0,49.5
31,1.0,1.0,5.5,1.0,5.0,11.0,1.0,150.0,25.0,0.0,0.0,156.0,41.5
32,1.0,1.0,5.5,6.0,30.0,66.0,0.0,0.0,0.0,0.0,0.0,31.0,71.5
33,1.0,1.0,5.5,4.0,20.0,44.0,0.0,0.0,0.0,0.0,0.0,21.0,49.5
34,0.0,0.0,0.0,0.0,0.0,0.0,0.0,0.0,0.0,0.0,0.0,0.0,0.0
35,0.0,0.0,0.0,0.0,0.0,0.0,0.0,0.0,0.0,0.0,0.0,0.0,0.0
36,0.0,0.0,0.0,0.0,0.0,0.0,0.0,0.0,0.0,0.0,0.0,0.0,0.0
37,0.0,0.0,0.0,0.0,0.0,0.0,0.0,0.0,0.0,0.0,0.0,0.0,0.0
38,0.0,0.0,0.0,0.0,0.0,0.0,0.0,0.0,0.0,0.0,0.0,0.0,0.0
39,1.0,1.0,5.5,2.0,10.0,22.0,0.0,0.0,0.0,0.0,0.0,11.0,27.5
40,0.0,0.0,0.0,0.0,0.0,0.0,0.0,0.0,0.0,0.0,0.0,0.0,0.0
41,0.0,0.0,0.0,1.0,5.0,11.0,0.0,0.0,0.0,0.0,0.0,5.0,11.0
42,1.0,1.0,5.5,3.0,15.0,33.0,0.0,0.0,0.0,0.0,0.0,16.0,38.5
43,0.0,0.0,0.0,2.0,10.0,22.0,0.0,0.0,0.0,0.0,0.0,10.0,22.0
44,0.0,0.0,0.0,0.0,0.0,0.0,0.0,0.0,0.0,0.0,0.0,0.0,0.0
45,1.0,1.0,5.5,1.0,5.0,11.0,0.0,0.0,0.0,0.0,0.0,6.0,16.5
46,0.0,0.0,0.0,1.0,5.0,11.0,0.0,0.0,0.0,0.0,0.0,5.0,11.0
47,1.0,1.0,5.5,4.0,20.0,44.0,0.0,0.0,0.0,0.0,0.0,21.0,49.5
48,0.0,0.0,0.0,0.0,0.0,0.0,0.0,0.0,0.0,0.0,0.0,0.0,0.0
49,2.0,2.0,11.0,4.0,20.0,44.0,0.0,0.0,0.0,0.0,0.0,22.0,55.0
50,0.0,0.0,0.0,0.0,0.0,0.0,0.0,0.0,0.0,0.0,0.0,0.0,0.0
51,0.0,0.0,0.0,2.0,10.0,22.0,0.0,0.0,0.0,0.0,0.0,10.0,22.0
52,0.0,0.0,0.0,4.0,20.0,44.0,0.0,0.0,0.0,0.0,0.0,20.0,44.0
53,0.0,0.0,0.0,3.0,15.0,33.0,0.0,0.0,0.0,0.0,0.0,15.0,33.0
54,0.0,0.0,0.0,4.0,20.0,44.0,0.0,0.0,0.0,0.0,0.0,20.0,44.0
55,1.0,1.0,5.5,1.0,5.0,11.0,0.0,0.0,0.0,0.0,0.0,6.0,16.5
56,0.0,0.0,0.0,5.0,25.0,55.0,0.0,0.0,0.0,0.0,0.0,25.0,55.0
57,0.0,0.0,0.0,2.0,10.0,22.0,0.0,0.0,0.0,0.0,0.0,10.0,22.0
58,0.0,0.0,0.0,0.0,0.0,0.0,0.0,0.0,0.0,0.0,0.0,0.0,0.0
59,0.0,0.0,0.0,0.0,0.0,0.0,0.0,0.0,0.0,0.0,0.0,0.0,0.0
60,1.0,1.0,5.5,1.0,5.0,11.0,0.0,0.0,0.0,0.0,0.0,6.0,16.5
61,2.0,2.0,11.0,4.0,20.0,44.0,0.0,0.0,0.0,0.0,0.0,22.0,55.0
62,1.0,1.0,5.5,13.0,65.0,143.0,0.0,0.0,0.0,0.0,0.0,66.0,148.5
63,1.0,1.0,5.5,3.0,15.0,33.0,0.0,0.0,0.0,0.0,0.0,16.0,38.5
64,1.0,1.0,5.5,4.0,20.0,44.0,0.0,0.0,0.0,0.0,0.0,21.0,49.5
65,1.0,1.0,5.5,4.0,20.0,44.0,0.0,0.0,0.0,0.0,0.0,21.0,49.5
66,0.0,0.0,0.0,3.0,15.0,33.0,0.0,0.0,0.0,0.0,0.0,15.0,33.0
67,0.0,0.0,0.0,0.0,0.0,0.0,0.0,0.0,0.0,0.0,0.0,0.0,0.0
68,0.0,0.0,0.0,4.0,20.0,44.0,0.0,0.0,0.0,0.0,0.0,20.0,44.0
69,1.0,1.0,5.5,4.0,20.0,44.0,0.0,0.0,0.0,0.0,0.0,21.0,49.5
70,1.0,1.0,5.5,2.0,10.0,22.0,0.0,0.0,0.0,0.0,0.0,11.0,27.5
71,1.0,1.0,5.5,1.0,5.0,11.0,0.0,0.0,0.0,0.0,0.0,6.0,16.5
72,1.0,1.0,5.5,1.0,5.0,11.0,0.0,0.0,0.0,0.0,0.0,6.0,16.5
73,0.0,0.0,0.0,0.0,0.0,0.0,0.0,0.0,0.0,0.0,0.0,0.0,0.0
74,0.0,0.0,0.0,0.0,0.0,0.0,0.0,0.0,0.0,0.0,0.0,0.0,0.0
75,0.0,0.0,0.0,5.0,25.0,55.0,0.0,0.0,0.0,0.0,0.0,25.0,55.0
76,0.0,0.0,0.0,0.0,0.0,0.0,0.0,0.0,0.0,0.0,0.0,0.0,0.0
77,0.0,0.0,0.0,1.0,5.0,11.0,0.0,0.0,0.0,0.0,0.0,5.0,11.0
78,0.0,0.0,0.0,3.0,15.0,33.0,1.0,150.0,25.0,0.0,0.0,165.0,58.0
79,0.0,0.0,0.0,7.0,35.0,77.0,0.0,0.0,0.0,0.0,0.0,35.0,77.0
80,0.0,0.0,0.0,4.0,20.0,44.0,0.0,0.0,0.0,0.0,0.0,20.0,44.0
81,1.0,1.0,5.5,6.0,30.0,66.0,0.0,0.0,0.0,0.0,0.0,31.0,71.5
82,0.0,0.0,0.0,4.0,20.0,44.0,0.0,0.0,0.0,0.0,0.0,20.0,44.0
83,0.0,0.0,0.0,2.0,10.0,22.0,0.0,0.0,0.0,0.0,0.0,10.0,22.0
84,1.0,1.0,5.5,0.0,0.0,0.0,0.0,0.0,0.0,0.0,0.0,1.0,5.5
85,0.0,0.0,0.0,3.0,15.0,33.0,0.0,0.0,0.0,0.0,0.0,15.0,33.0
86,1.0,1.0,5.5,2.0,10.0,22.0,0.0,0.0,0.0,0.0,0.0,11.0,27.5
87,1.0,1.0,5.5,4.0,20.0,44.0,0.0,0.0,0.0,0.0,0.0,21.0,49.5
88,1.0,1.0,5.5,5.0,25.0,55.0,0.0,0.0,0.0,0.0,0.0,26.0,60.5
89,1.0,1.0,5.5,5.0,25.0,55.0,0.0,0.0,0.0,0.0,0.0,26.0,60.5
90,0.0,0.0,0.0,4.0,20.0,44.0,0.0,0.0,0.0,0.0,0.0,20.0,44.0
91,1.0,1.0,5.5,3.0,15.0,33.0,1.0,150.0,25.0,0.0,0.0,166.0,63.5
92,0.0,0.0,0.0,7.0,35.0,77.0,2.0,300.0,50.0,0.0,0.0,335.0,127.0
93,1.0,1.0,5.5,0.0,0.0,0.0,0.0,0.0,0.0,0.0,0.0,1.0,5.5
94,0.0,0.0,0.0,1.0,5.0,11.0,1.0,150.0,25.0,0.0,0.0,155.0,36.0
95,10.0,10.0,55.0,2.0,10.0,22.0,0.0,0.0,0.0,0.0,0.0,20.0,77.0
96,0.0,0.0,0.0,16.0,80.0,176.0,0.0,0.0,0.0,0.0,0.0,80.0,176.0
97,11.0,11.0,60.5,6.0,30.0,66.0,1.0,150.0,25.0,0.0,0.0,191.0,151.5
98,0.0,0.0,0.0,4.0,20.0,44.0,0.0,0.0,0.0,0.0,0.0,20.0,44.0
99,1.0,1.0,5.5,1.0,5.0,11.0,0.0,0.0,0.0,0.0,0.0,6.0,16.5
100,0.0,0.0,0.0,2.0,10.0,22.0,0.0,0.0,0.0,0.0,0.0,10.0,22.0
101,1.0,1.0,5.5,3.0,15.0,33.0,0.0,0.0,0.0,0.0,0.0,16.0,38.5
102,0.0,0.0,0.0,2.0,10.0,22.0,0.0,0.0,0.0,0.0,0.0,10.0,22.0
103,1.0,1.0,5.5,4.0,20.0,44.0,0.0,0.0,0.0,0.0,0.0,21.0,49.5
104,0.0,0.0,0.0,0.0,0.0,0.0,0.0,0.0,0.0,0.0,0.0,0.0,0.0
105,1.0,1.0,5.5,2.0,10.0,22.0,0.0,0.0,0.0,0.0,0.0,11.0,27.5
106,0.0,0.0,0.0,3.0,15.0,33.0,0.0,0.0,0.0,0.0,0.0,15.0,33.0
107,0.0,0.0,0.0,2.0,10.0,22.0,0.0,0.0,0.0,0.0,0.0,10.0,22.0
108,0.0,0.0,0.0,3.0,15.0,33.0,0.0,0.0,0.0,0.0,0.0,15.0,33.0
109,0.0,0.0,0.0,14.0,70.0,154.0,0.0,0.0,0.0,0.0,0.0,70.0,154.0
110,1.0,1.0,5.5,7.0,35.0,77.0,1.0,150.0,25.0,0.0,0.0,186.0,107.5
111,1.0,1.0,5.5,0.0,0.0,0.0,1.0,150.0,25.0,0.0,0.0,151.0,30.5
112,0.0,0.0,0.0,2.0,10.0,22.0,1.0,150.0,25.0,0.0,0.0,160.0,47.0
113,0.0,0.0,0.0,9.0,45.0,99.0,2.0,300.0,50.0,0.0,0.0,345.0,149.0
114,1.0,1.0,5.5,2.0,10.0,22.0,1.0,150.0,25.0,0.0,0.0,161.0,52.5
115,0.0,0.0,0.0,2.0,10.0,22.0,0.0,0.0,0.0,0.0,0.0,10.0,22.0
116,1.0,1.0,5.5,4.0,20.0,44.0,1.0,150.0,25.0,0.0,0.0,171.0,74.5
117,1.0,1.0,5.5,3.0,15.0,33.0,2.0,300.0,50.0,0.0,0.0,316.0,88.5
118,1.0,1.0,5.5,3.0,15.0,33.0,2.0,300.0,50.0,0.0,0.0,316.0,88.5
119,1.0,1.0,5.5,9.0,45.0,99.0,0.0,0.0,0.0,0.0,0.0,46.0,104.5
120,0.0,0.0,0.0,6.0,30.0,66.0,0.0,0.0,0.0,0.0,0.0,30.0,66.0
121,0.0,0.0,0.0,0.0,0.0,0.0,0.0,0.0,0.0,0.0,0.0,0.0,0.0
122,0.0,0.0,0.0,3.0,15.0,33.0,0.0,0.0,0.0,0.0,0.0,15.0,33.0
123,1.0,1.0,5.5,3.0,15.0,33.0,0.0,0.0,0.0,0.0,0.0,16.0,38.5
124,0.0,0.0,0.0,4.0,20.0,44.0,0.0,0.0,0.0,0.0,0.0,20.0,44.0
125,0.0,0.0,0.0,9.0,45.0,99.0,0.0,0.0,0.0,0.0,0.0,45.0,99.0
126,5.0,5.0,27.5,5.0,25.0,55.0,0.0,0.0,0.0,0.0,0.0,30.0,82.5
127,0.0,0.0,0.0,3.0,15.0,33.0,0.0,0.0,0.0,0.0,0.0,15.0,33.0
128,1.0,1.0,5.5,3.0,15.0,33.0,0.0,0.0,0.0,0.0,0.0,16.0,38.5
129,1.0,1.0,5.5,1.0,5.0,11.0,0.0,0.0,0.0,0.0,0.0,6.0,16.5
130,0.0,0.0,0.0,0.0,0.0,0.0,0.0,0.0,0.0,0.0,0.0,0.0,0.0
131,1.0,1.0,5.5,1.0,5.0,11.0,0.0,0.0,0.0,0.0,0.0,6.0,16.5
132,0.0,0.0,0.0,4.0,20.0,44.0,0.0,0.0,0.0,0.0,0.0,20.0,44.0
133,0.0,0.0,0.0,0.0,0.0,0.0,0.0,0.0,0.0,0.0,0.0,0.0,0.0
134,1.0,1.0,5.5,6.0,30.0,66.0,1.0,150.0,25.0,0.0,0.0,181.0,96.5
135,0.0,0.0,0.0,9.0,45.0,99.0,1.0,150.0,25.0,0.0,0.0,195.0,124.0
136,1.0,1.0,5.5,2.0,10.0,22.0,1.0,150.0,25.0,0.0,0.0,161.0,52.5
137,1.0,1.0,5.5,3.0,15.0,33.0,1.0,150.0,25.0,0.0,0.0,166.0,63.5
138,0.0,0.0,0.0,9.0,45.0,99.0,2.0,300.0,50.0,0.0,0.0,345.0,149.0
139,0.0,0.0,0.0,4.0,20.0,44.0,0.0,0.0,0.0,0.0,0.0,20.0,44.0
140,0.0,0.0,0.0,1.0,5.0,11.0,1.0,150.0,25.0,0.0,0.0,155.0,36.0
141,1.0,1.0,5.5,5.0,25.0,55.0,1.0,150.0,25.0,0.0,0.0,176.0,85.5
142,1.0,1.0,5.5,4.0,20.0,44.0,2.0,300.0,50.0,0.0,0.0,321.0,99.5
143,0.0,0.0,0.0,5.0,25.0,55.0,0.0,0.0,0.0,0.0,0.0,25.0,55.0
144,1.0,1.0,5.5,6.0,30.0,66.0,0.0,0.0,0.0,0.0,0.0,31.0,71.5
145,0.0,0.0,0.0,0.0,0.0,0.0,0.0,0.0,0.0,0.0,0.0,0.0,0.0
146,11.0,11.0,60.5,3.0,15.0,33.0,0.0,0.0,0.0,0.0,0.0,26.0,93.5
147,1.0,1.0,5.5,3.0,15.0,33.0,0.0,0.0,0.0,0.0,0.0,16.0,38.5
148,1.0,1.0,5.5,2.0,10.0,22.0,1.0,150.0,25.0,0.0,0.0,161.0,52.5
149,0.0,0.0,0.0,13.0,65.0,143.0,1.0,150.0,25.0,0.0,0.0,215.0,168.0
150,0.0,0.0,0.0,5.0,25.0,55.0,0.0,0.0,0.0,0.0,0.0,25.0,55.0
151,0.0,0.0,0.0,0.0,0.0,0.0,0.0,0.0,0.0,0.0,0.0,0.0,0.0
152,0.0,0.0,0.0,4.0,20.0,44.0,0.0,0.0,0.0,0.0,0.0,20.0,44.0
153,1.0,1.0,5.5,0.0,0.0,0.0,0.0,0.0,0.0,0.0,0.0,1.0,5.5
154,0.0,0.0,0.0,0.0,0.0,0.0,0.0,0.0,0.0,0.0,0.0,0.0,0.0
155,1.0,1.0,5.5,6.0,30.0,66.0,0.0,0.0,0.0,0.0,0.0,31.0,71.5
156,0.0,0.0,0.0,3.0,15.0,33.0,1.0,150.0,25.0,0.0,0.0,165.0,58.0
157,1.0,1.0,5.5,3.0,15.0,33.0,2.0,300.0,50.0,0.0,0.0,316.0,88.5
158,1.0,1.0,5.5,1.0,5.0,11.0,2.0,300.0,50.0,0.0,0.0,306.0,66.5
159,1.0,1.0,5.5,2.0,10.0,22.0,1.0,150.0,25.0,0.0,0.0,161.0,52.5
160,1.0,1.0,5.5,3.0,15.0,33.0,1.0,150.0,25.0,0.0,0.0,166.0,63.5
161,0.0,0.0,0.0,5.0,25.0,55.0,0.0,0.0,0.0,0.0,0.0,25.0,55.0
162,0.0,0.0,0.0,3.0,15.0,33.0,0.0,0.0,0.0,0.0,0.0,15.0,33.0
163,1.0,1.0,5.5,1.0,5.0,11.0,1.0,150.0,25.0,0.0,0.0,156.0,41.5
164,0.0,0.0,0.0,10.0,50.0,110.0,1.0,150.0,25.0,0.0,0.0,200.0,135.0
165,1.0,1.0,5.5,2.0,10.0,22.0,1.0,150.0,25.0,0.0,0.0,161.0,52.5
166,1.0,1.0,5.5,2.0,10.0,22.0,1.0,150.0,25.0,0.0,0.0,161.0,52.5
167,0.0,0.0,0.0,0.0,0.0,0.0,0.0,0.0,0.0,0.0,0.0,0.0,0.0
168,0.0,0.0,0.0,2.0,10.0,22.0,0.0,0.0,0.0,0.0,0.0,10.0,22.0
169,1.0,1.0,5.5,2.0,10.0,22.0,0.0,0.0,0.0,0.0,0.0,11.0,27.5
170,0.0,0.0,0.0,0.0,0.0,0.0,0.0,0.0,0.0,0.0,0.0,0.0,0.0
171,0.0,0.0,0.0,6.0,30.0,66.0,1.0,150.0,25.0,0.0,0.0,180.0,91.0
172,1.0,1.0,5.5,6.0,30.0,66.0,1.0,150.0,25.0,0.0,0.0,181.0,96.5
173,1.0,1.0,5.5,4.0,20.0,44.0,0.0,0.0,0.0,0.0,0.0,21.0,49.5
174,0.0,0.0,0.0,0.0,0.0,0.0,0.0,0.0,0.0,0.0,0.0,0.0,0.0
175,1.0,1.0,5.5,1.0,5.0,11.0,0.0,0.0,0.0,0.0,0.0,6.0,16.5
176,0.0,0.0,0.0,4.0,20.0,44.0,1.0,150.0,25.0,0.0,0.0,170.0,69.0
177,0.0,0.0,0.0,10.0,50.0,110.0,0.0,0.0,0.0,0.0,0.0,50.0,110.0
178,1.0,1.0,5.5,3.0,15.0,33.0,0.0,0.0,0.0,0.0,0.0,16.0,38.5
179,1.0,1.0,5.5,2.0,10.0,22.0,0.0,0.0,0.0,0.0,0.0,11.0,27.5
180,1.0,1.0,5.5,8.0,40.0,88.0,1.0,150.0,25.0,0.0,0.0,191.0,118.5
181,0.0,0.0,0.0,5.0,25.0,55.0,2.0,300.0,50.0,0.0,0.0,325.0,105.0
182,0.0,0.0,0.0,1.0,5.0,11.0,0.0,0.0,0.0,0.0,0.0,5.0,11.0
183,0.0,0.0,0.0,0.0,0.0,0.0,0.0,0.0,0.0,0.0,0.0,0.0,0.0
184,1.0,1.0,5.5,4.0,20.0,44.0,1.0,150.0,25.0,0.0,0.0,171.0,74.5
185,8.0,8.0,44.0,4.0,20.0,44.0,2.0,300.0,50.0,0.0,0.0,328.0,138.0
186,1.0,1.0,5.5,6.0,30.0,66.0,1.0,150.0,25.0,0.0,0.0,181.0,96.5
187,1.0,1.0,5.5,3.0,15.0,33.0,0.0,0.0,0.0,0.0,0.0,16.0,38.5
188,1.0,1.0,5.5,3.0,15.0,33.0,0.0,0.0,0.0,0.0,0.0,16.0,38.5
189,0.0,0.0,0.0,3.0,15.0,33.0,0.0,0.0,0.0,0.0,0.0,15.0,33.0
190,0.0,0.0,0.0,3.0,15.0,33.0,0.0,0.0,0.0,0.0,0.0,15.0,33.0
191,0.0,0.0,0.0,9.0,45.0,99.0,0.0,0.0,0.0,0.0,0.0,45.0,99.0
192,0.0,0.0,0.0,0.0,0.0,0.0,0.0,0.0,0.0,0.0,0.0,0.0,0.0
193,0.0,0.0,0.0,4.0,20.0,44.0,0.0,0.0,0.0,0.0,0.0,20.0,44.0
194,0.0,0.0,0.0,1.0,5.0,11.0,0.0,0.0,0.0,0.0,0.0,5.0,11.0
195,0.0,0.0,0.0,2.0,10.0,22.0,0.0,0.0,0.0,0.0,0.0,10.0,22.0
196,0.0,0.0,0.0,3.0,15.0,33.0,0.0,0.0,0.0,0.0,0.0,15.0,33.0
197,1.0,1.0,5.5,2.0,10.0,22.0,0.0,0.0,0.0,0.0,0.0,11.0,27.5
198,0.0,0.0,0.0,6.0,30.0,66.0,0.0,0.0,0.0,0.0,0.0,30.0,66.0
199,0.0,0.0,0.0,3.0,15.0,33.0,0.0,0.0,0.0,0.0,0.0,15.0,33.0
200,0.0,0.0,0.0,8.0,40.0,88.0,0.0,0.0,0.0,0.0,0.0,40.0,88.0
201,0.0,0.0,0.0,3.0,15.0,33.0,1.0,150.0,25.0,0.0,0.0,165.0,58.0
202,0.0,0.0,0.0,4.0,20.0,44.0,2.0,300.0,50.0,0.0,0.0,320.0,94.0
203,1.0,1.0,5.5,3.0,15.0,33.0,0.0,0.0,0.0,0.0,0.0,16.0,38.5
204,0.0,0.0,0.0,5.0,25.0,55.0,0.0,0.0,0.0,0.0,0.0,25.0,55.0
205,0.0,0.0,0.0,2.0,10.0,22.0,0.0,0.0,0.0,0.0,0.0,10.0,22.0
206,1.0,1.0,5.5,8.0,40.0,88.0,1.0,150.0,25.0,0.0,0.0,191.0,118.5
207,1.0,1.0,5.5,8.0,40.0,88.0,0.0,0.0,0.0,0.0,0.0,41.0,93.5
208,1.0,1.0,5.5,0.0,0.0,0.0,0.0,0.0,0.0,0.0,0.0,1.0,5.5
209,1.0,1.0,5.5,3.0,15.0,33.0,0.0,0.0,0.0,0.0,0.0,16.0,38.5
210,0.0,0.0,0.0,2.0,10.0,22.0,1.0,150.0,25.0,0.0,0.0,160.0,47.0
211,0.0,0.0,0.0,2.0,10.0,22.0,0.0,0.0,0.0,0.0,0.0,10.0,22.0
212,0.0,0.0,0.0,0.0,0.0,0.0,0.0,0.0,0.0,0.0,0.0,0.0,0.0
213,0.0,0.0,0.0,0.0,0.0,0.0,0.0,0.0,0.0,0.0,0.0,0.0,0.0
214,0.0,0.0,0.0,2.0,10.0,22.0,0.0,0.0,0.0,0.0,0.0,10.0,22.0
215,1.0,1.0,5.5,4.0,20.0,44.0,1.0,150.0,25.0,0.0,0.0,171.0,74.5
216,0.0,0.0,0.0,7.0,35.0,77.0,0.0,0.0,0.0,0.0,0.0,35.0,77.0
217,1.0,1.0,5.5,8.0,40.0,88.0,0.0,0.0,0.0,0.0,0.0,41.0,93.5
218,1.0,1.0,5.5,4.0,20.0,44.0,0.0,0.0,0.0,0.0,0.0,21.0,49.5
219,1.0,1.0,5.5,4.0,20.0,44.0,0.0,0.0,0.0,0.0,0.0,21.0,49.5
220,3.0,3.0,16.5,6.0,30.0,66.0,1.0,150.0,25.0,0.0,0.0,183.0,107.5
221,1.0,1.0,5.5,5.0,25.0,55.0,0.0,0.0,0.0,0.0,0.0,26.0,60.5
222,1.0,1.0,5.5,11.0,55.0,121.0,0.0,0.0,0.0,0.0,0.0,56.0,126.5
223,1.0,1.0,5.5,4.0,20.0,44.0,1.0,150.0,25.0,0.0,0.0,171.0,74.5
224,1.0,1.0,5.5,3.0,15.0,33.0,2.0,300.0,50.0,0.0,0.0,316.0,88.5
225,1.0,1.0,5.5,13.0,65.0,143.0,2.0,300.0,50.0,0.0,0.0,366.0,198.5
226,1.0,1.0,5.5,2.0,10.0,22.0,0.0,0.0,0.0,0.0,0.0,11.0,27.5
227,1.0,1.0,5.5,0.0,0.0,0.0,0.0,0.0,0.0,0.0,0.0,1.0,5.5
228,0.0,0.0,0.0,3.0,15.0,33.0,0.0,0.0,0.0,0.0,0.0,15.0,33.0
229,0.0,0.0,0.0,3.0,15.0,33.0,0.0,0.0,0.0,0.0,0.0,15.0,33.0
230,0.0,0.0,0.0,0.0,0.0,0.0,0.0,0.0,0.0,0.0,0.0,0.0,0.0
231,7.0,7.0,38.5,1.0,5.0,11.0,1.0,150.0,25.0,0.0,0.0,162.0,74.5
232,0.0,0.0,0.0,4.0,20.0,44.0,0.0,0.0,0.0,0.0,0.0,20.0,44.0
233,1.0,1.0,5.5,5.0,25.0,55.0,0.0,0.0,0.0,0.0,0.0,26.0,60.5
234,0.0,0.0,0.0,9.0,45.0,99.0,0.0,0.0,0.0,0.0,0.0,45.0,99.0
235,1.0,1.0,5.5,1.0,5.0,11.0,0.0,0.0,0.0,0.0,0.0,6.0,16.5
236,0.0,0.0,0.0,9.0,45.0,99.0,1.0,150.0,25.0,0.0,0.0,195.0,124.0
237,0.0,0.0,0.0,10.0,50.0,110.0,1.0,150.0,25.0,0.0,0.0,200.0,135.0
238,0.0,0.0,0.0,10.0,50.0,110.0,1.0,150.0,25.0,0.0,0.0,200.0,135.0
239,1.0,1.0,5.5,4.0,20.0,44.0,2.0,300.0,50.0,0.0,0.0,321.0,99.5
240,0.0,0.0,0.0,7.0,35.0,77.0,0.0,0.0,0.0,0.0,0.0,35.0,77.0
241,0.0,0.0,0.0,2.0,10.0,22.0,0.0,0.0,0.0,0.0,0.0,10.0,22.0
242,1.0,1.0,5.5,6.0,30.0,66.0,0.0,0.0,0.0,0.0,0.0,31.0,71.5
243,0.0,0.0,0.0,0.0,0.0,0.0,0.0,0.0,0.0,0.0,0.0,0.0,0.0
244,1.0,1.0,5.5,1.0,5.0,11.0,0.0,0.0,0.0,0.0,0.0,6.0,16.5
245,0.0,0.0,0.0,0.0,0.0,0.0,0.0,0.0,0.0,0.0,0.0,0.0,0.0
246,0.0,0.0,0.0,1.0,5.0,11.0,0.0,0.0,0.0,0.0,0.0,5.0,11.0
247,1.0,1.0,5.5,1.0,5.0,11.0,0.0,0.0,0.0,0.0,0.0,6.0,16.5
248,0.0,0.0,0.0,1.0,5.0,11.0,0.0,0.0,0.0,0.0,0.0,5.0,11.0
249,1.0,1.0,5.5,0.0,0.0,0.0,0.0,0.0,0.0,0.0,0.0,1.0,5.5
250,0.0,0.0,0.0,5.0,25.0,55.0,1.0,150.0,25.0,0.0,0.0,175.0,80.0
251,1.0,1.0,5.5,9.0,45.0,99.0,1.0,150.0,25.0,0.0,0.0,196.0,129.5
252,0.0,0.0,0.0,12.0,60.0,132.0,0.0,0.0,0.0,0.0,0.0,60.0,132.0
253,0.0,0.0,0.0,28.0,140.0,308.0,0.0,0.0,0.0,0.0,0.0,140.0,308.0
254,1.0,1.0,5.5,15.0,75.0,165.0,0.0,0.0,0.0,0.0,0.0,76.0,170.5
255,1.0,1.0,5.5,18.0,90.0,198.0,1.0,150.0,25.0,0.0,0.0,241.0,228.5
256,0.0,0.0,0.0,15.0,75.0,165.0,0.0,0.0,0.0,0.0,0.0,75.0,165.0
257,0.0,0.0,0.0,7.0,35.0,77.0,0.0,0.0,0.0,0.0,0.0,35.0,77.0
258,0.0,0.0,0.0,3.0,15.0,33.0,0.0,0.0,0.0,0.0,0.0,15.0,33.0
259,1.0,1.0,5.5,8.0,40.0,88.0,0.0,0.0,0.0,0.0,0.0,41.0,93.5
260,1.0,1.0,5.5,3.0,15.0,33.0,0.0,0.0,0.0,0.0,0.0,16.0,38.5
261,0.0,0.0,0.0,2.0,10.0,22.0,0.0,0.0,0.0,0.0,0.0,10.0,22.0
262,0.0,0.0,0.0,0.0,0.0,0.0,0.0,0.0,0.0,0.0,0.0,0.0,0.0
263,0.0,0.0,0.0,0.0,0.0,0.0,0.0,0.0,0.0,0.0,0.0,0.0,0.0
264,1.0,1.0,5.5,1.0,5.0,11.0,0.0,0.0,0.0,0.0,0.0,6.0,16.5
265,1.0,1.0,5.5,1.0,5.0,11.0,2.0,300.0,50.0,0.0,0.0,306.0,66.5
266,1.0,1.0,5.5,1.0,5.0,11.0,1.0,150.0,25.0,0.0,0.0,156.0,41.5
267,0.0,0.0,0.0,1.0,5.0,11.0,1.0,150.0,25.0,0.0,0.0,155.0,36.0
268,0.0,0.0,0.0,4.0,20.0,44.0,0.0,0.0,0.0,0.0,0.0,20.0,44.0
269,1.0,1.0,5.5,4.0,20.0,44.0,0.0,0.0,0.0,0.0,0.0,21.0,49.5
270,1.0,1.0,5.5,7.0,35.0,77.0,1.0,150.0,25.0,0.0,0.0,186.0,107.5
271,0.0,0.0,0.0,8.0,40.0,88.0,1.0,150.0,25.0,0.0,0.0,190.0,113.0
272,4.0,4.0,22.0,6.0,30.0,66.0,1.0,150.0,25.0,0.0,0.0,184.0,113.0
273,1.0,1.0,5.5,21.0,105.0,231.0,0.0,0.0,0.0,0.0,0.0,106.0,236.5
274,1.0,1.0,5.5,33.0,165.0,363.0,0.0,0.0,0.0,0.0,0.0,166.0,368.5
275,0.0,0.0,0.0,19.0,95.0,209.0,1.0,150.0,25.0,0.0,0.0,245.0,234.0
276,1.0,1.0,5.5,4.0,20.0,44.0,0.0,0.0,0.0,0.0,0.0,21.0,49.5
277,0.0,0.0,0.0,3.0,15.0,33.0,0.0,0.0,0.0,0.0,0.0,15.0,33.0
278,0.0,0.0,0.0,5.0,25.0,55.0,1.0,150.0,25.0,0.0,0.0,175.0,80.0
279,0.0,0.0,0.0,0.0,0.0,0.0,0.0,0.0,0.0,0.0,0.0,0.0,0.0
280,0.0,0.0,0.0,8.0,40.0,88.0,0.0,0.0,0.0,0.0,0.0,40.0,88.0
281,0.0,0.0,0.0,2.0,10.0,22.0,0.0,0.0,0.0,0.0,0.0,10.0,22.0
282,0.0,0.0,0.0,0.0,0.0,0.0,0.0,0.0,0.0,0.0,0.0,0.0,0.0
283,1.0,1.0,5.5,3.0,15.0,33.0,0.0,0.0,0.0,0.0,0.0,16.0,38.5
284,0.0,0.0,0.0,2.0,10.0,22.0,0.0,0.0,0.0,0.0,0.0,10.0,22.0
285,13.0,13.0,71.5,2.0,10.0,22.0,0.0,0.0,0.0,0.0,0.0,23.0,93.5
286,1.0,1.0,5.5,5.0,25.0,55.0,0.0,0.0,0.0,0.0,0.0,26.0,60.5
287,0.0,0.0,0.0,5.0,25.0,55.0,0.0,0.0,0.0,0.0,0.0,25.0,55.0
288,0.0,0.0,0.0,2.0,10.0,22.0,0.0,0.0,0.0,0.0,0.0,10.0,22.0
289,0.0,0.0,0.0,12.0,60.0,132.0,0.0,0.0,0.0,0.0,0.0,60.0,132.0
290,1.0,1.0,5.5,2.0,10.0,22.0,0.0,0.0,0.0,0.0,0.0,11.0,27.5
291,0.0,0.0,0.0,1.0,5.0,11.0,0.0,0.0,0.0,0.0,0.0,5.0,11.0
292,0.0,0.0,0.0,1.0,5.0,11.0,0.0,0.0,0.0,0.0,0.0,5.0,11.0
293,0.0,0.0,0.0,2.0,10.0,22.0,0.0,0.0,0.0,0.0,0.0,10.0,22.0
294,0.0,0.0,0.0,3.0,15.0,33.0,1.0,150.0,25.0,0.0,0.0,165.0,58.0
295,1.0,1.0,5.5,15.0,75.0,165.0,1.0,150.0,25.0,0.0,0.0,226.0,195.5
296,0.0,0.0,0.0,2.0,10.0,22.0,2.0,300.0,50.0,0.0,0.0,310.0,72.0
297,0.0,0.0,0.0,3.0,15.0,33.0,1.0,150.0,25.0,0.0,0.0,165.0,58.0
298,40.0,40.0,220.0,25.0,125.0,275.0,0.0,0.0,0.0,0.0,0.0,165.0,495.0
299,1.0,1.0,5.5,40.0,200.0,440.0,0.0,0.0,0.0,0.0,0.0,201.0,445.5
300,0.0,0.0,0.0,15.0,75.0,165.0,1.0,150.0,25.0,0.0,0.0,225.0,190.0
301,1.0,1.0,5.5,12.0,60.0,132.0,0.0,0.0,0.0,0.0,0.0,61.0,137.5
302,1.0,1.0,5.5,3.0,15.0,33.0,0.0,0.0,0.0,0.0,0.0,16.0,38.5
303,1.0,1.0,5.5,2.0,10.0,22.0,0.0,0.0,0.0,0.0,0.0,11.0,27.5
304,0.0,0.0,0.0,0.0,0.0,0.0,0.0,0.0,0.0,0.0,0.0,0.0,0.0
305,0.0,0.0,0.0,2.0,10.0,22.0,0.0,0.0,0.0,0.0,0.0,10.0,22.0
306,0.0,0.0,0.0,3.0,15.0,33.0,0.0,0.0,0.0,0.0,0.0,15.0,33.0
307,0.0,0.0,0.0,0.0,0.0,0.0,0.0,0.0,0.0,0.0,0.0,0.0,0.0
308,0.0,0.0,0.0,0.0,0.0,0.0,0.0,0.0,0.0,0.0,0.0,0.0,0.0
309,5.0,5.0,27.5,3.0,15.0,33.0,0.0,0.0,0.0,0.0,0.0,20.0,60.5
310,0.0,0.0,0.0,5.0,25.0,55.0,0.0,0.0,0.0,0.0,0.0,25.0,55.0
311,1.0,1.0,5.5,2.0,10.0,22.0,0.0,0.0,0.0,0.0,0.0,11.0,27.5
312,1.0,1.0,5.5,3.0,15.0,33.0,0.0,0.0,0.0,0.0,0.0,16.0,38.5
313,0.0,0.0,0.0,3.0,15.0,33.0,1.0,150.0,25.0,0.0,0.0,165.0,58.0
314,0.0,0.0,0.0,2.0,10.0,22.0,0.0,0.0,0.0,0.0,0.0,10.0,22.0
315,0.0,0.0,0.0,3.0,15.0,33.0,0.0,0.0,0.0,0.0,0.0,15.0,33.0
316,0.0,0.0,0.0,6.0,30.0,66.0,0.0,0.0,0.0,0.0,0.0,30.0,66.0
317,0.0,0.0,0.0,6.0,30.0,66.0,0.0,0.0,0.0,0.0,0.0,30.0,66.0
318,1.0,1.0,5.5,8.0,40.0,88.0,1.0,150.0,25.0,0.0,0.0,191.0,118.5
319,5.0,5.0,27.5,1.0,5.0,11.0,1.0,150.0,25.0,0.0,0.0,160.0,63.5
320,0.0,0.0,0.0,7.0,35.0,77.0,2.0,300.0,50.0,0.0,0.0,335.0,127.0
321,0.0,0.0,0.0,2.0,10.0,22.0,1.0,150.0,25.0,0.0,0.0,160.0,47.0
322,0.0,0.0,0.0,3.0,15.0,33.0,0.0,0.0,0.0,0.0,0.0,15.0,33.0
323,1.0,1.0,5.5,14.0,70.0,154.0,1.0,150.0,25.0,0.0,0.0,221.0,184.5
324,12.0,12.0,66.0,2.0,10.0,22.0,1.0,150.0,25.0,0.0,0.0,172.0,113.0
325,0.0,0.0,0.0,7.0,35.0,77.0,1.0,150.0,25.0,0.0,0.0,185.0,102.0
326,0.0,0.0,0.0,11.0,55.0,121.0,0.0,0.0,0.0,0.0,0.0,55.0,121.0
327,1.0,1.0,5.5,10.0,50.0,110.0,0.0,0.0,0.0,0.0,0.0,51.0,115.5
328,1.0,1.0,5.5,5.0,25.0,55.0,0.0,0.0,0.0,0.0,0.0,26.0,60.5
329,0.0,0.0,0.0,5.0,25.0,55.0,1.0,150.0,25.0,0.0,0.0,175.0,80.0
330,1.0,1.0,5.5,9.0,45.0,99.0,0.0,0.0,0.0,0.0,0.0,46.0,104.5
331,0.0,0.0,0.0,4.0,20.0,44.0,0.0,0.0,0.0,0.0,0.0,20.0,44.0
332,1.0,1.0,5.5,2.0,10.0,22.0,0.0,0.0,0.0,0.0,0.0,11.0,27.5
333,0.0,0.0,0.0,2.0,10.0,22.0,0.0,0.0,0.0,0.0,0.0,10.0,22.0
334,1.0,1.0,5.5,4.0,20.0,44.0,0.0,0.0,0.0,0.0,0.0,21.0,49.5
335,0.0,0.0,0.0,3.0,15.0,33.0,0.0,0.0,0.0,0.0,0.0,15.0,33.0
336,0.0,0.0,0.0,2.0,10.0,22.0,0.0,0.0,0.0,0.0,0.0,10.0,22.0
337,0.0,0.0,0.0,3.0,15.0,33.0,0.0,0.0,0.0,0.0,0.0,15.0,33.0
338,0.0,0.0,0.0,5.0,25.0,55.0,0.0,0.0,0.0,0.0,0.0,25.0,55.0
339,1.0,1.0,5.5,3.0,15.0,33.0,0.0,0.0,0.0,0.0,0.0,16.0,38.5
340,1.0,1.0,5.5,3.0,15.0,33.0,0.0,0.0,0.0,0.0,0.0,16.0,38.5
341,0.0,0.0,0.0,11.0,55.0,121.0,1.0,150.0,25.0,0.0,0.0,205.0,146.0
342,0.0,0.0,0.0,5.0,25.0,55.0,1.0,150.0,25.0,0.0,0.0,175.0,80.0
343,1.0,1.0,5.5,7.0,35.0,77.0,1.0,150.0,25.0,0.0,0.0,186.0,107.5
344,0.0,0.0,0.0,9.0,45.0,99.0,1.0,150.0,25.0,0.0,0.0,195.0,124.0
345,1.0,1.0,5.5,5.0,25.0,55.0,2.0,300.0,50.0,0.0,0.0,326.0,110.5
346,0.0,0.0,0.0,3.0,15.0,33.0,1.0,150.0,25.0,0.0,0.0,165.0,58.0
347,0.0,0.0,0.0,11.0,55.0,121.0,0.0,0.0,0.0,0.0,0.0,55.0,121.0
348,1.0,1.0,5.5,4.0,20.0,44.0,0.0,0.0,0.0,0.0,0.0,21.0,49.5
349,1.0,1.0,5.5,7.0,35.0,77.0,1.0,150.0,25.0,0.0,0.0,186.0,107.5
350,0.0,0.0,0.0,8.0,40.0,88.0,1.0,150.0,25.0,0.0,0.0,190.0,113.0
351,1.0,1.0,5.5,6.0,30.0,66.0,1.0,150.0,25.0,0.0,0.0,181.0,96.5
352,1.0,1.0,5.5,20.0,100.0,220.0,1.0,150.0,25.0,0.0,0.0,251.0,250.5
353,12.0,12.0,66.0,2.0,10.0,22.0,1.0,150.0,25.0,0.0,0.0,172.0,113.0
354,1.0,1.0,5.5,3.0,15.0,33.0,1.0,150.0,25.0,0.0,0.0,166.0,63.5
355,1.0,1.0,5.5,8.0,40.0,88.0,0.0,0.0,0.0,0.0,0.0,41.0,93.5
356,1.0,1.0,5.5,4.0,20.0,44.0,0.0,0.0,0.0,0.0,0.0,21.0,49.5
357,1.0,1.0,5.5,4.0,20.0,44.0,0.0,0.0,0.0,0.0,0.0,21.0,49.5
358,0.0,0.0,0.0,3.0,15.0,33.0,0.0,0.0,0.0,0.0,0.0,15.0,33.0
359,7.0,7.0,38.5,3.0,15.0,33.0,0.0,0.0,0.0,0.0,0.0,22.0,71.5
360,0.0,0.0,0.0,0.0,0.0,0.0,0.0,0.0,0.0,0.0,0.0,0.0,0.0
361,0.0,0.0,0.0,0.0,0.0,0.0,0.0,0.0,0.0,0.0,0.0,0.0,0.0
362,1.0,1.0,5.5,6.0,30.0,66.0,1.0,150.0,25.0,0.0,0.0,181.0,96.5
363,0.0,0.0,0.0,2.0,10.0,22.0,0.0,0.0,0.0,0.0,0.0,10.0,22.0
364,1.0,1.0,5.5,6.0,30.0,66.0,1.0,150.0,25.0,0.0,0.0,181.0,96.5
365,0.0,0.0,0.0,1.0,5.0,11.0,1.0,150.0,25.0,0.0,0.0,155.0,36.0
366,1.0,1.0,5.5,0.0,0.0,0.0,0.0,0.0,0.0,0.0,0.0,1.0,5.5
367,4.0,4.0,22.0,8.0,40.0,88.0,2.0,300.0,50.0,0.0,0.0,344.0,160.0
368,0.0,0.0,0.0,3.0,15.0,33.0,0.0,0.0,0.0,0.0,0.0,15.0,33.0
369,1.0,1.0,5.5,9.0,45.0,99.0,0.0,0.0,0.0,0.0,0.0,46.0,104.5
370,0.0,0.0,0.0,9.0,45.0,99.0,0.0,0.0,0.0,0.0,0.0,45.0,99.0
371,0.0,0.0,0.0,9.0,45.0,99.0,0.0,0.0,0.0,0.0,0.0,45.0,99.0
372,0.0,0.0,0.0,4.0,20.0,44.0,1.0,150.0,25.0,0.0,0.0,170.0,69.0
373,1.0,1.0,5.5,7.0,35.0,77.0,0.0,0.0,0.0,0.0,0.0,36.0,82.5
374,1.0,1.0,5.5,2.0,10.0,22.0,1.0,150.0,25.0,0.0,0.0,161.0,52.5
375,0.0,0.0,0.0,9.0,45.0,99.0,2.0,300.0,50.0,0.0,0.0,345.0,149.0
376,3.0,3.0,16.5,5.0,25.0,55.0,2.0,300.0,50.0,0.0,0.0,328.0,121.5
377,0.0,0.0,0.0,4.0,20.0,44.0,0.0,0.0,0.0,0.0,0.0,20.0,44.0
378,0.0,0.0,0.0,3.0,15.0,33.0,0.0,0.0,0.0,0.0,0.0,15.0,33.0
379,0.0,0.0,0.0,6.0,30.0,66.0,0.0,0.0,0.0,0.0,0.0,30.0,66.0
380,1.0,1.0,5.5,4.0,20.0,44.0,0.0,0.0,0.0,0.0,0.0,21.0,49.5
381,6.0,6.0,33.0,4.0,20.0,44.0,0.0,0.0,0.0,0.0,0.0,26.0,77.0
382,1.0,1.0,5.5,9.0,45.0,99.0,1.0,150.0,25.0,0.0,0.0,196.0,129.5
383,1.0,1.0,5.5,8.0,40.0,88.0,0.0,0.0,0.0,0.0,0.0,41.0,93.5
384,0.0,0.0,0.0,0.0,0.0,0.0,0.0,0.0,0.0,0.0,0.0,0.0,0.0
385,0.0,0.0,0.0,4.0,20.0,44.0,0.0,0.0,0.0,0.0,0.0,20.0,44.0
386,0.0,0.0,0.0,3.0,15.0,33.0,0.0,0.0,0.0,0.0,0.0,15.0,33.0
387,1.0,1.0,5.5,4.0,20.0,44.0,0.0,0.0,0.0,0.0,0.0,21.0,49.5
388,1.0,1.0,5.5,6.0,30.0,66.0,0.0,0.0,0.0,0.0,0.0,31.0,71.5
389,1.0,1.0,5.5,4.0,20.0,44.0,0.0,0.0,0.0,0.0,0.0,21.0,49.5
390,5.0,5.0,27.5,3.0,15.0,33.0,0.0,0.0,0.0,0.0,0.0,20.0,60.5
391,0.0,0.0,0.0,0.0,0.0,0.0,0.0,0.0,0.0,0.0,0.0,0.0,0.0
392,1.0,1.0,5.5,2.0,10.0,22.0,1.0,150.0,25.0,0.0,0.0,161.0,52.5
393,25.0,25.0,137.5,28.0,140.0,308.0,1.0,150.0,25.0,0.0,0.0,315.0,470.5
394,0.0,0.0,0.0,5.0,25.0,55.0,0.0,0.0,0.0,0.0,0.0,25.0,55.0
395,1.0,1.0,5.5,7.0,35.0,77.0,2.0,300.0,50.0,0.0,0.0,336.0,132.5
396,0.0,0.0,0.0,1.0,5.0,11.0,1.0,150.0,25.0,0.0,0.0,155.0,36.0
397,0.0,0.0,0.0,5.0,25.0,55.0,0.0,0.0,0.0,0.0,0.0,25.0,55.0
398,1.0,1.0,5.5,0.0,0.0,0.0,0.0,0.0,0.0,0.0,0.0,1.0,5.5
399,0.0,0.0,0.0,5.0,25.0,55.0,1.0,150.0,25.0,0.0,0.0,175.0,80.0
400,0.0,0.0,0.0,5.0,25.0,55.0,0.0,0.0,0.0,0.0,0.0,25.0,55.0
401,1.0,1.0,5.5,2.0,10.0,22.0,1.0,150.0,25.0,0.0,0.0,161.0,52.5
402,1.0,1.0,5.5,1.0,5.0,11.0,1.0,150.0,25.0,0.0,0.0,156.0,41.5
403,3.0,3.0,16.5,2.0,10.0,22.0,1.0,150.0,25.0,0.0,0.0,163.0,63.5
404,1.0,1.0,5.5,3.0,15.0,33.0,0.0,0.0,0.0,0.0,0.0,16.0,38.5
405,0.0,0.0,0.0,3.0,15.0,33.0,0.0,0.0,0.0,0.0,0.0,15.0,33.0
406,0.0,0.0,0.0,5.0,25.0,55.0,0.0,0.0,0.0,0.0,0.0,25.0,55.0
407,0.0,0.0,0.0,6.0,30.0,66.0,0.0,0.0,0.0,0.0,0.0,30.0,66.0
408,1.0,1.0,5.5,4.0,20.0,44.0,0.0,0.0,0.0,0.0,0.0,21.0,49.5
409,0.0,0.0,0.0,3.0,15.0,33.0,0.0,0.0,0.0,0.0,0.0,15.0,33.0
410,0.0,0.0,0.0,3.0,15.0,33.0,2.0,300.0,50.0,0.0,0.0,315.0,83.0
411,1.0,1.0,5.5,12.0,60.0,132.0,1.0,150.0,25.0,0.0,0.0,211.0,162.5
412,1.0,1.0,5.5,3.0,15.0,33.0,0.0,0.0,0.0,0.0,0.0,16.0,38.5
413,1.0,1.0,5.5,3.0,15.0,33.0,0.0,0.0,0.0,0.0,0.0,16.0,38.5
414,1.0,1.0,5.5,3.0,15.0,33.0,0.0,0.0,0.0,0.0,0.0,16.0,38.5
415,1.0,1.0,5.5,1.0,5.0,11.0,0.0,0.0,0.0,0.0,0.0,6.0,16.5
416,0.0,0.0,0.0,1.0,5.0,11.0,0.0,0.0,0.0,0.0,0.0,5.0,11.0
417,0.0,0.0,0.0,4.0,20.0,44.0,0.0,0.0,0.0,0.0,0.0,20.0,44.0
418,0.0,0.0,0.0,6.0,30.0,66.0,0.0,0.0,0.0,0.0,0.0,30.0,66.0
419,1.0,1.0,5.5,4.0,20.0,44.0,0.0,0.0,0.0,0.0,0.0,21.0,49.5
420,0.0,0.0,0.0,0.0,0.0,0.0,0.0,0.0,0.0,0.0,0.0,0.0,0.0
421,1.0,1.0,5.5,2.0,10.0,22.0,0.0,0.0,0.0,0.0,0.0,11.0,27.5
422,1.0,1.0,5.5,8.0,40.0,88.0,0.0,0.0,0.0,0.0,0.0,41.0,93.5
423,1.0,1.0,5.5,7.0,35.0,77.0,1.0,150.0,25.0,0.0,0.0,186.0,107.5
424,0.0,0.0,0.0,4.0,20.0,44.0,0.0,0.0,0.0,0.0,0.0,20.0,44.0
425,0.0,0.0,0.0,3.0,15.0,33.0,0.0,0.0,0.0,0.0,0.0,15.0,33.0
426,0.0,0.0,0.0,2.0,10.0,22.0,1.0,150.0,25.0,0.0,0.0,160.0,47.0
427,0.0,0.0,0.0,2.0,10.0,22.0,0.0,0.0,0.0,0.0,0.0,10.0,22.0
428,1.0,1.0,5.5,5.0,25.0,55.0,1.0,150.0,25.0,0.0,0.0,176.0,85.5
429,1.0,1.0,5.5,1.0,5.0,11.0,1.0,150.0,25.0,0.0,0.0,156.0,41.5
430,1.0,1.0,5.5,11.0,55.0,121.0,1.0,150.0,25.0,0.0,0.0,206.0,151.5
431,1.0,1.0,5.5,1.0,5.0,11.0,0.0,0.0,0.0,0.0,0.0,6.0,16.5
432,0.0,0.0,0.0,4.0,20.0,44.0,1.0,150.0,25.0,0.0,0.0,170.0,69.0
433,1.0,1.0,5.5,2.0,10.0,22.0,0.0,0.0,0.0,0.0,0.0,11.0,27.5
434,1.0,1.0,5.5,4.0,20.0,44.0,0.0,0.0,0.0,0.0,0.0,21.0,49.5
435,1.0,1.0,5.5,9.0,45.0,99.0,0.0,0.0,0.0,0.0,0.0,46.0,104.5
436,1.0,1.0,5.5,7.0,35.0,77.0,0.0,0.0,0.0,0.0,0.0,36.0,82.5
437,1.0,1.0,5.5,3.0,15.0,33.0,0.0,0.0,0.0,0.0,0.0,16.0,38.5
438,1.0,1.0,5.5,2.0,10.0,22.0,1.0,150.0,25.0,0.0,0.0,161.0,52.5
439,0.0,0.0,0.0,1.0,5.0,11.0,1.0,150.0,25.0,0.0,0.0,155.0,36.0
440,0.0,0.0,0.0,0.0,0.0,0.0,0.0,0.0,0.0,0.0,0.0,0.0,0.0
441,1.0,1.0,5.5,3.0,15.0,33.0,0.0,0.0,0.0,0.0,0.0,16.0,38.5
442,1.0,1.0,5.5,3.0,15.0,33.0,0.0,0.0,0.0,0.0,0.0,16.0,38.5
443,0.0,0.0,0.0,2.0,10.0,22.0,0.0,0.0,0.0,0.0,0.0,10.0,22.0
444,5.0,5.0,27.5,4.0,20.0,44.0,0.0,0.0,0.0,0.0,0.0,25.0,71.5
445,0.0,0.0,0.0,6.0,30.0,66.0,0.0,0.0,0.0,0.0,0.0,30.0,66.0
446,0.0,0.0,0.0,0.0,0.0,0.0,0.0,0.0,0.0,0.0,0.0,0.0,0.0
447,1.0,1.0,5.5,4.0,20.0,44.0,0.0,0.0,0.0,0.0,0.0,21.0,49.5
448,0.0,0.0,0.0,3.0,15.0,33.0,0.0,0.0,0.0,0.0,0.0,15.0,33.0
449,0.0,0.0,0.0,2.0,10.0,22.0,0.0,0.0,0.0,0.0,0.0,10.0,22.0
450,0.0,0.0,0.0,3.0,15.0,33.0,0.0,0.0,0.0,0.0,0.0,15.0,33.0
451,0.0,0.0,0.0,3.0,15.0,33.0,0.0,0.0,0.0,0.0,0.0,15.0,33.0
452,0.0,0.0,0.0,3.0,15.0,33.0,0.0,0.0,0.0,0.0,0.0,15.0,33.0
453,1.0,1.0,5.5,7.0,35.0,77.0,0.0,0.0,0.0,0.0,0.0,36.0,82.5
454,0.0,0.0,0.0,3.0,15.0,33.0,0.0,0.0,0.0,0.0,0.0,15.0,33.0
455,0.0,0.0,0.0,4.0,20.0,44.0,0.0,0.0,0.0,0.0,0.0,20.0,44.0
456,0.0,0.0,0.0,6.0,30.0,66.0,1.0,150.0,25.0,0.0,0.0,180.0,91.0
457,1.0,1.0,5.5,4.0,20.0,44.0,1.0,150.0,25.0,0.0,0.0,171.0,74.5
458,1.0,1.0,5.5,4.0,20.0,44.0,1.0,150.0,25.0,0.0,0.0,171.0,74.5
459,0.0,0.0,0.0,6.0,30.0,66.0,0.0,0.0,0.0,0.0,0.0,30.0,66.0
460,0.0,0.0,0.0,4.0,20.0,44.0,1.0,150.0,25.0,0.0,0.0,170.0,69.0
461,1.0,1.0,5.5,2.0,10.0,22.0,0.0,0.0,0.0,0.0,0.0,11.0,27.5
462,1.0,1.0,5.5,7.0,35.0,77.0,0.0,0.0,0.0,0.0,0.0,36.0,82.5
463,0.0,0.0,0.0,1.0,5.0,11.0,1.0,150.0,25.0,0.0,0.0,155.0,36.0
464,0.0,0.0,0.0,2.0,10.0,22.0,0.0,0.0,0.0,0.0,0.0,10.0,22.0
465,10.0,10.0,55.0,2.0,10.0,22.0,0.0,0.0,0.0,0.0,0.0,20.0,77.0
466,5.0,5.0,27.5,3.0,15.0,33.0,0.0,0.0,0.0,0.0,0.0,20.0,60.5
467,1.0,1.0,5.5,2.0,10.0,22.0,0.0,0.0,0.0,0.0,0.0,11.0,27.5
468,1.0,1.0,5.5,4.0,20.0,44.0,0.0,0.0,0.0,0.0,0.0,21.0,49.5
469,0.0,0.0,0.0,2.0,10.0,22.0,0.0,0.0,0.0,0.0,0.0,10.0,22.0
470,0.0,0.0,0.0,0.0,0.0,0.0,0.0,0.0,0.0,0.0,0.0,0.0,0.0
471,0.0,0.0,0.0,1.0,5.0,11.0,0.0,0.0,0.0,0.0,0.0,5.0,11.0
472,0.0,0.0,0.0,2.0,10.0,22.0,0.0,0.0,0.0,0.0,0.0,10.0,22.0
473,1.0,1.0,5.5,2.0,10.0,22.0,0.0,0.0,0.0,0.0,0.0,11.0,27.5
474,0.0,0.0,0.0,0.0,0.0,0.0,0.0,0.0,0.0,0.0,0.0,0.0,0.0
475,0.0,0.0,0.0,2.0,10.0,22.0,0.0,0.0,0.0,0.0,0.0,10.0,22.0
476,0.0,0.0,0.0,2.0,10.0,22.0,0.0,0.0,0.0,0.0,0.0,10.0,22.0
477,0.0,0.0,0.0,2.0,10.0,22.0,0.0,0.0,0.0,0.0,0.0,10.0,22.0
478,0.0,0.0,0.0,1.0,5.0,11.0,0.0,0.0,0.0,0.0,0.0,5.0,11.0
479,1.0,1.0,5.5,1.0,5.0,11.0,1.0,150.0,25.0,0.0,0.0,156.0,41.5
480,1.0,1.0,5.5,3.0,15.0,33.0,0.0,0.0,0.0,0.0,0.0,16.0,38.5
481,0.0,0.0,0.0,3.0,15.0,33.0,0.0,0.0,0.0,0.0,0.0,15.0,33.0
482,1.0,1.0,5.5,6.0,30.0,66.0,0.0,0.0,0.0,0.0,0.0,31.0,71.5
483,1.0,1.0,5.5,11.0,55.0,121.0,1.0,150.0,25.0,0.0,0.0,206.0,151.5
484,1.0,1.0,5.5,2.0,10.0,22.0,0.0,0.0,0.0,0.0,0.0,11.0,27.5
485,0.0,0.0,0.0,1.0,5.0,11.0,0.0,0.0,0.0,0.0,0.0,5.0,11.0
486,0.0,0.0,0.0,5.0,25.0,55.0,0.0,0.0,0.0,0.0,0.0,25.0,55.0
487,1.0,1.0,5.5,3.0,15.0,33.0,1.0,150.0,25.0,0.0,0.0,166.0,63.5
488,0.0,0.0,0.0,0.0,0.0,0.0,1.0,150.0,25.0,0.0,0.0,150.0,25.0
489,0.0,0.0,0.0,7.0,35.0,77.0,0.0,0.0,0.0,0.0,0.0,35.0,77.0
490,0.0,0.0,0.0,7.0,35.0,77.0,0.0,0.0,0.0,0.0,0.0,35.0,77.0
491,0.0,0.0,0.0,0.0,0.0,0.0,0.0,0.0,0.0,0.0,0.0,0.0,0.0
492,1.0,1.0,5.5,2.0,10.0,22.0,0.0,0.0,0.0,0.0,0.0,11.0,27.5
493,0.0,0.0,0.0,3.0,15.0,33.0,0.0,0.0,0.0,0.0,0.0,15.0,33.0
494,1.0,1.0,5.5,2.0,10.0,22.0,0.0,0.0,0.0,0.0,0.0,11.0,27.5
495,0.0,0.0,0.0,1.0,5.0,11.0,0.0,0.0,0.0,0.0,0.0,5.0,11.0
496,0.0,0.0,0.0,5.0,25.0,55.0,1.0,150.0,25.0,0.0,0.0,175.0,80.0
497,0.0,0.0,0.0,2.0,10.0,22.0,0.0,0.0,0.0,0.0,0.0,10.0,22.0
498,1.0,1.0,5.5,1.0,5.0,11.0,0.0,0.0,0.0,0.0,0.0,6.0,16.5
499,0.0,0.0,0.0,1.0,5.0,11.0,1.0,150.0,25.0,0.0,0.0,155.0,36.0
500,0.0,0.0,0.0,5.0,25.0,55.0,0.0,0.0,0.0,0.0,0.0,25.0,55.0
501,1.0,1.0,5.5,6.0,30.0,66.0,0.0,0.0,0.0,0.0,0.0,31.0,71.5
502,1.0,1.0,5.5,1.0,5.0,11.0,0.0,0.0,0.0,0.0,0.0,6.0,16.5
503,0.0,0.0,0.0,0.0,0.0,0.0,0.0,0.0,0.0,0.0,0.0,0.0,0.0
504,0.0,0.0,0.0,2.0,10.0,22.0,0.0,0.0,0.0,0.0,0.0,10.0,22.0
505,0.0,0.0,0.0,1.0,5.0,11.0,0.0,0.0,0.0,0.0,0.0,5.0,11.0
506,1.0,1.0,5.5,6.0,30.0,66.0,0.0,0.0,0.0,0.0,0.0,31.0,71.5
507,1.0,1.0,5.5,10.0,50.0,110.0,1.0,150.0,25.0,0.0,0.0,201.0,140.5
508,1.0,1.0,5.5,5.0,25.0,55.0,1.0,150.0,25.0,0.0,0.0,176.0,85.5
509,1.0,1.0,5.5,5.0,25.0,55.0,0.0,0.0,0.0,0.0,0.0,26.0,60.5
510,1.0,1.0,5.5,2.0,10.0,22.0,0.0,0.0,0.0,0.0,0.0,11.0,27.5
511,0.0,0.0,0.0,3.0,15.0,33.0,1.0,150.0,25.0,0.0,0.0,165.0,58.0
512,0.0,0.0,0.0,3.0,15.0,33.0,0.0,0.0,0.0,0.0,0.0,15.0,33.0
513,0.0,0.0,0.0,4.0,20.0,44.0,0.0,0.0,0.0,0.0,0.0,20.0,44.0
514,1.0,1.0,5.5,1.0,5.0,11.0,0.0,0.0,0.0,0.0,0.0,6.0,16.5
515,1.0,1.0,5.5,4.0,20.0,44.0,0.0,0.0,0.0,0.0,0.0,21.0,49.5
516,1.0,1.0,5.5,0.0,0.0,0.0,0.0,0.0,0.0,0.0,0.0,1.0,5.5
517,0.0,0.0,0.0,3.0,15.0,33.0,0.0,0.0,0.0,0.0,0.0,15.0,33.0
518,0.0,0.0,0.0,0.0,0.0,0.0,0.0,0.0,0.0,0.0,0.0,0.0,0.0
519,1.0,1.0,5.5,1.0,5.0,11.0,1.0,150.0,25.0,0.0,0.0,156.0,41.5
520,1.0,1.0,5.5,0.0,0.0,0.0,0.0,0.0,0.0,0.0,0.0,1.0,5.5
521,1.0,1.0,5.5,4.0,20.0,44.0,1.0,150.0,25.0,0.0,0.0,171.0,74.5
522,1.0,1.0,5.5,4.0,20.0,44.0,0.0,0.0,0.0,0.0,0.0,21.0,49.5
523,0.0,0.0,0.0,8.0,40.0,88.0,1.0,150.0,25.0,0.0,0.0,190.0,113.0
524,1.0,1.0,5.5,3.0,15.0,33.0,0.0,0.0,0.0,0.0,0.0,16.0,38.5
525,1.0,1.0,5.5,9.0,45.0,99.0,0.0,0.0,0.0,0.0,0.0,46.0,104.5
526,1.0,1.0,5.5,1.0,5.0,11.0,0.0,0.0,0.0,0.0,0.0,6.0,16.5
527,0.0,0.0,0.0,2.0,10.0,22.0,0.0,0.0,0.0,0.0,0.0,10.0,22.0
528,0.0,0.0,0.0,0.0,0.0,0.0,0.0,0.0,0.0,0.0,0.0,0.0,0.0
529,0.0,0.0,0.0,2.0,10.0,22.0,0.0,0.0,0.0,0.0,0.0,10.0,22.0
530,0.0,0.0,0.0,0.0,0.0,0.0,0.0,0.0,0.0,0.0,0.0,0.0,0.0
531,0.0,0.0,0.0,1.0,5.0,11.0,0.0,0.0,0.0,0.0,0.0,5.0,11.0
532,0.0,0.0,0.0,1.0,5.0,11.0,0.0,0.0,0.0,0.0,0.0,5.0,11.0
533,0.0,0.0,0.0,3.0,15.0,33.0,0.0,0.0,0.0,0.0,0.0,15.0,33.0
534,1.0,1.0,5.5,1.0,5.0,11.0,0.0,0.0,0.0,0.0,0.0,6.0,16.5
535,0.0,0.0,0.0,6.0,30.0,66.0,0.0,0.0,0.0,0.0,0.0,30.0,66.0
536,1.0,1.0,5.5,0.0,0.0,0.0,0.0,0.0,0.0,0.0,0.0,1.0,5.5
537,1.0,1.0,5.5,6.0,30.0,66.0,0.0,0.0,0.0,0.0,0.0,31.0,71.5
538,10.0,10.0,55.0,0.0,0.0,0.0,1.0,150.0,25.0,0.0,0.0,160.0,80.0
539,1.0,1.0,5.5,3.0,15.0,33.0,0.0,0.0,0.0,0.0,0.0,16.0,38.5
540,0.0,0.0,0.0,2.0,10.0,22.0,0.0,0.0,0.0,0.0,0.0,10.0,22.0
541,0.0,0.0,0.0,1.0,5.0,11.0,0.0,0.0,0.0,0.0,0.0,5.0,11.0
542,0.0,0.0,0.0,2.0,10.0,22.0,0.0,0.0,0.0,0.0,0.0,10.0,22.0
543,1.0,1.0,5.5,3.0,15.0,33.0,0.0,0.0,0.0,0.0,0.0,16.0,38.5
544,0.0,0.0,0.0,2.0,10.0,22.0,0.0,0.0,0.0,0.0,0.0,10.0,22.0
545,0.0,0.0,0.0,0.0,0.0,0.0,0.0,0.0,0.0,0.0,0.0,0.0,0.0
546,1.0,1.0,5.5,0.0,0.0,0.0,0.0,0.0,0.0,0.0,0.0,1.0,5.5
547,0.0,0.0,0.0,1.0,5.0,11.0,0.0,0.0,0.0,0.0,0.0,5.0,11.0
548,0.0,0.0,0.0,3.0,15.0,33.0,0.0,0.0,0.0,0.0,0.0,15.0,33.0
549,1.0,1.0,5.5,1.0,5.0,11.0,0.0,0.0,0.0,0.0,0.0,6.0,16.5
550,0.0,0.0,0.0,5.0,25.0,55.0,0.0,0.0,0.0,0.0,0.0,25.0,55.0
551,1.0,1.0,5.5,2.0,10.0,22.0,0.0,0.0,0.0,0.0,0.0,11.0,27.5
552,0.0,0.0,0.0,4.0,20.0,44.0,0.0,0.0,0.0,0.0,0.0,20.0,44.0
553,0.0,0.0,0.0,0.0,0.0,0.0,0.0,0.0,0.0,0.0,0.0,0.0,0.0
554,1.0,1.0,5.5,9.0,45.0,99.0,1.0,150.0,25.0,0.0,0.0,196.0,129.5
555,0.0,0.0,0.0,0.0,0.0,0.0,0.0,0.0,0.0,0.0,0.0,0.0,0.0
556,0.0,0.0,0.0,2.0,10.0,22.0,0.0,0.0,0.0,0.0,0.0,10.0,22.0
557,0.0,0.0,0.0,3.0,15.0,33.0,0.0,0.0,0.0,0.0,0.0,15.0,33.0
558,0.0,0.0,0.0,3.0,15.0,33.0,0.0,0.0,0.0,0.0,0.0,15.0,33.0
559,1.0,1.0,5.5,0.0,0.0,0.0,0.0,0.0,0.0,0.0,0.0,1.0,5.5
560,0.0,0.0,0.0,4.0,20.0,44.0,0.0,0.0,0.0,0.0,0.0,20.0,44.0
561,0.0,0.0,0.0,2.0,10.0,22.0,0.0,0.0,0.0,0.0,0.0,10.0,22.0
562,0.0,0.0,0.0,0.0,0.0,0.0,0.0,0.0,0.0,0.0,0.0,0.0,0.0
563,0.0,0.0,0.0,2.0,10.0,22.0,0.0,0.0,0.0,0.0,0.0,10.0,22.0
564,0.0,0.0,0.0,0.0,0.0,0.0,0.0,0.0,0.0,0.0,0.0,0.0,0.0
565,0.0,0.0,0.0,0.0,0.0,0.0,0.0,0.0,0.0,0.0,0.0,0.0,0.0
566,1.0,1.0,5.5,0.0,0.0,0.0,0.0,0.0,0.0,0.0,0.0,1.0,5.5
567,0.0,0.0,0.0,2.0,10.0,22.0,0.0,0.0,0.0,0.0,0.0,10.0,22.0
568,0.0,0.0,0.0,0.0,0.0,0.0,0.0,0.0,0.0,0.0,0.0,0.0,0.0
569,1.0,1.0,5.5,0.0,0.0,0.0,0.0,0.0,0.0,0.0,0.0,1.0,5.5
570,0.0,0.0,0.0,3.0,15.0,33.0,0.0,0.0,0.0,0.0,0.0,15.0,33.0
571,1.0,1.0,5.5,7.0,35.0,77.0,0.0,0.0,0.0,0.0,0.0,36.0,82.5
572,1.0,1.0,5.5,2.0,10.0,22.0,0.0,0.0,0.0,0.0,0.0,11.0,27.5
573,0.0,0.0,0.0,3.0,15.0,33.0,0.0,0.0,0.0,0.0,0.0,15.0,33.0
574,0.0,0.0,0.0,0.0,0.0,0.0,0.0,0.0,0.0,0.0,0.0,0.0,0.0
575,0.0,0.0,0.0,0.0,0.0,0.0,0.0,0.0,0.0,0.0,0.0,0.0,0.0
576,1.0,1.0,5.5,2.0,10.0,22.0,0.0,0.0,0.0,0.0,0.0,11.0,27.5
577,0.0,0.0,0.0,0.0,0.0,0.0,0.0,0.0,0.0,0.0,0.0,0.0,0.0
578,0.0,0.0,0.0,2.0,10.0,22.0,0.0,0.0,0.0,0.0,0.0,10.0,22.0
579,1.0,1.0,5.5,2.0,10.0,22.0,0.0,0.0,0.0,0.0,0.0,11.0,27.5
580,0.0,0.0,0.0,1.0,5.0,11.0,0.0,0.0,0.0,0.0,0.0,5.0,11.0
581,1.0,1.0,5.5,1.0,5.0,11.0,0.0,0.0,0.0,0.0,0.0,6.0,16.5
582,1.0,1.0,5.5,0.0,0.0,0.0,0.0,0.0,0.0,0.0,0.0,1.0,5.5
583,0.0,0.0,0.0,0.0,0.0,0.0,0.0,0.0,0.0,0.0,0.0,0.0,0.0
584,0.0,0.0,0.0,0.0,0.0,0.0,0.0,0.0,0.0,0.0,0.0,0.0,0.0
585,1.0,1.0,5.5,5.0,25.0,55.0,0.0,0.0,0.0,0.0,0.0,26.0,60.5
586,1.0,1.0,5.5,15.0,75.0,165.0,1.0,150.0,25.0,0.0,0.0,226.0,195.5
587,0.0,0.0,0.0,1.0,5.0,11.0,0.0,0.0,0.0,0.0,0.0,5.0,11.0
588,0.0,0.0,0.0,2.0,10.0,22.0,0.0,0.0,0.0,0.0,0.0,10.0,22.0
589,0.0,0.0,0.0,0.0,0.0,0.0,0.0,0.0,0.0,0.0,0.0,0.0,0.0
590,0.0,0.0,0.0,2.0,10.0,22.0,2.0,300.0,50.0,0.0,0.0,310.0,72.0
591,0.0,0.0,0.0,6.0,30.0,66.0,0.0,0.0,0.0,0.0,0.0,30.0,66.0
592,2.0,2.0,11.0,4.0,20.0,44.0,0.0,0.0,0.0,0.0,0.0,22.0,55.0
593,0.0,0.0,0.0,3.0,15.0,33.0,0.0,0.0,0.0,0.0,0.0,15.0,33.0
594,0.0,0.0,0.0,5.0,25.0,55.0,0.0,0.0,0.0,0.0,0.0,25.0,55.0
595,7.0,7.0,38.5,3.0,15.0,33.0,0.0,0.0,0.0,0.0,0.0,22.0,71.5
596,0.0,0.0,0.0,0.0,0.0,0.0,0.0,0.0,0.0,0.0,0.0,0.0,0.0
597,0.0,0.0,0.0,0.0,0.0,0.0,0.0,0.0,0.0,0.0,0.0,0.0,0.0
598,0.0,0.0,0.0,3.0,15.0,33.0,0.0,0.0,0.0,0.0,0.0,15.0,33.0
599,0.0,0.0,0.0,2.0,10.0,22.0,0.0,0.0,0.0,0.0,0.0,10.0,22.0
600,0.0,0.0,0.0,5.0,25.0,55.0,0.0,0.0,0.0,0.0,0.0,25.0,55.0
601,1.0,1.0,5.5,4.0,20.0,44.0,0.0,0.0,0.0,0.0,0.0,21.0,49.5
602,0.0,0.0,0.0,7.0,35.0,77.0,1.0,150.0,25.0,0.0,0.0,185.0,102.0
603,0.0,0.0,0.0,0.0,0.0,0.0,0.0,0.0,0.0,0.0,0.0,0.0,0.0
604,1.0,1.0,5.5,0.0,0.0,0.0,0.0,0.0,0.0,0.0,0.0,1.0,5.5
605,0.0,0.0,0.0,15.0,75.0,165.0,1.0,150.0,25.0,0.0,0.0,225.0,190.0
606,0.0,0.0,0.0,2.0,10.0,22.0,0.0,0.0,0.0,0.0,0.0,10.0,22.0
607,0.0,0.0,0.0,0.0,0.0,0.0,0.0,0.0,0.0,0.0,0.0,0.0,0.0
608,0.0,0.0,0.0,7.0,35.0,77.0,0.0,0.0,0.0,0.0,0.0,35.0,77.0
609,1.0,1.0,5.5,1.0,5.0,11.0,0.0,0.0,0.0,0.0,0.0,6.0,16.5
610,0.0,0.0,0.0,2.0,10.0,22.0,0.0,0.0,0.0,0.0,0.0,10.0,22.0
611,1.0,1.0,5.5,3.0,15.0,33.0,0.0,0.0,0.0,0.0,0.0,16.0,38.5
612,0.0,0.0,0.0,2.0,10.0,22.0,0.0,0.0,0.0,0.0,0.0,10.0,22.0
613,1.0,1.0,5.5,3.0,15.0,33.0,0.0,0.0,0.0,0.0,0.0,16.0,38.5
614,14.0,14.0,77.0,6.0,30.0,66.0,0.0,0.0,0.0,0.0,0.0,44.0,143.0
615,0.0,0.0,0.0,0.0,0.0,0.0,0.0,0.0,0.0,0.0,0.0,0.0,0.0
616,1.0,1.0,5.5,1.0,5.0,11.0,0.0,0.0,0.0,0.0,0.0,6.0,16.5
617,0.0,0.0,0.0,9.0,45.0,99.0,0.0,0.0,0.0,0.0,0.0,45.0,99.0
618,0.0,0.0,0.0,14.0,70.0,154.0,0.0,0.0,0.0,0.0,0.0,70.0,154.0
619,0.0,0.0,0.0,7.0,35.0,77.0,0.0,0.0,0.0,0.0,0.0,35.0,77.0
620,0.0,0.0,0.0,3.0,15.0,33.0,0.0,0.0,0.0,0.0,0.0,15.0,33.0
621,0.0,0.0,0.0,0.0,0.0,0.0,0.0,0.0,0.0,0.0,0.0,0.0,0.0
622,0.0,0.0,0.0,0.0,0.0,0.0,0.0,0.0,0.0,0.0,0.0,0.0,0.0
623,0.0,0.0,0.0,0.0,0.0,0.0,0.0,0.0,0.0,0.0,0.0,0.0,0.0
624,1.0,1.0,5.5,0.0,0.0,0.0,0.0,0.0,0.0,0.0,0.0,1.0,5.5
625,0.0,0.0,0.0,0.0,0.0,0.0,0.0,0.0,0.0,0.0,0.0,0.0,0.0
626,7.0,7.0,38.5,4.0,20.0,44.0,0.0,0.0,0.0,0.0,0.0,27.0,82.5
627,0.0,0.0,0.0,2.0,10.0,22.0,0.0,0.0,0.0,0.0,0.0,10.0,22.0
628,0.0,0.0,0.0,0.0,0.0,0.0,0.0,0.0,0.0,0.0,0.0,0.0,0.0
629,0.0,0.0,0.0,7.0,35.0,77.0,1.0,150.0,25.0,0.0,0.0,185.0,102.0
630,0.0,0.0,0.0,3.0,15.0,33.0,0.0,0.0,0.0,0.0,0.0,15.0,33.0
631,0.0,0.0,0.0,0.0,0.0,0.0,0.0,0.0,0.0,0.0,0.0,0.0,0.0
632,0.0,0.0,0.0,0.0,0.0,0.0,0.0,0.0,0.0,0.0,0.0,0.0,0.0
633,0.0,0.0,0.0,0.0,0.0,0.0,0.0,0.0,0.0,0.0,0.0,0.0,0.0
634,0.0,0.0,0.0,3.0,15.0,33.0,0.0,0.0,0.0,0.0,0.0,15.0,33.0
635,1.0,1.0,5.5,5.0,25.0,55.0,0.0,0.0,0.0,0.0,0.0,26.0,60.5
636,0.0,0.0,0.0,0.0,0.0,0.0,0.0,0.0,0.0,0.0,0.0,0.0,0.0
637,0.0,0.0,0.0,0.0,0.0,0.0,0.0,0.0,0.0,0.0,0.0,0.0,0.0
